Season,League,Team Name,Conference,Division,W,L
1960,AFL,bills,nan,Eastern,5.0,8.0
1961,AFL,bills,nan,Eastern,6.0,8.0
1962,AFL,bills,nan,Eastern,7.0,6.0
1963,AFL,bills,nan,Eastern,7.0,6.0
1964,AFL,bills,nan,Eastern,12.0,2.0
1965,AFL,bills,nan,Eastern,10.0,3.0
1966,AFL,bills,nan,Eastern,9.0,4.0
1967,AFL,bills,nan,Eastern,4.0,10.0
1968,AFL,bills,nan,Eastern,1.0,12.0
1969,AFL,bills,nan,Eastern,4.0,10.0
1970,NFL,bills,AFC,East,3.0,10.0
1971,NFL,bills,AFC,East,1.0,13.0
1972,NFL,bills,AFC,East,4.0,9.0
1973,NFL,bills,AFC,East,9.0,5.0
1974,NFL,bills,AFC,East,9.0,5.0
1975,NFL,bills,AFC,East,8.0,6.0
1976,NFL,bills,AFC,East,2.0,12.0
1977,NFL,bills,AFC,East,3.0,11.0
1978,NFL,bills,AFC,East,5.0,11.0
1979,NFL,bills,AFC,East,7.0,9.0
1980,NFL,bills,AFC,East,11.0,5.0
1981,NFL,bills,AFC,East,10.0,6.0
1982,NFL,bills,AFC,None,4.0,5.0
1983,NFL,bills,AFC,East,8.0,8.0
1984,NFL,bills,AFC,East,2.0,14.0
1985,NFL,bills,AFC,East,2.0,14.0
1986,NFL,bills,AFC,East,4.0,12.0
1987,NFL,bills,AFC,East,7.0,8.0
1988,NFL,bills,AFC,East,12.0,4.0
1989,NFL,bills,AFC,East,9.0,7.0
1990,NFL,bills,AFC,East,13.0,3.0
1991,NFL,bills,AFC,East,13.0,3.0
1992,NFL,bills,AFC,East,11.0,5.0
1993,NFL,bills,AFC,East,12.0,4.0
1994,NFL,bills,AFC,East,7.0,9.0
1995,NFL,bills,AFC,East,10.0,6.0
1996,NFL,bills,AFC,East,10.0,6.0
1997,NFL,bills,AFC,East,6.0,10.0
1998,NFL,bills,AFC,East,10.0,6.0
1999,NFL,bills,AFC,East,11.0,5.0
2000,NFL,bills,AFC,East,8.0,8.0
2001,NFL,bills,AFC,East,3.0,13.0
2002,NFL,bills,AFC,East,8.0,8.0
2003,NFL,bills,AFC,East,6.0,10.0
2004,NFL,bills,AFC,East,9.0,7.0
2005,NFL,bills,AFC,East,5.0,11.0
2006,NFL,bills,AFC,East,7.0,9.0
2007,NFL,bills,AFC,East,7.0,9.0
2008,NFL,bills,AFC,East,7.0,9.0
2009,NFL,bills,AFC,East,6.0,10.0
2010,NFL,bills,AFC,East,4.0,12.0
2011,NFL,bills,AFC,East,6.0,10.0
2012,NFL,bills,AFC,East,6.0,10.0
2013,NFL,bills,AFC,East,6.0,10.0
2014,NFL,bills,AFC,East,9.0,7.0
2015,NFL,bills,AFC,East,8.0,8.0
2016,NFL,bills,AFC,East,7.0,9.0
2017,NFL,bills,AFC,East,9.0,7.0
2018,NFL,bills,AFC,East,6.0,10.0
2019,NFL,bills,AFC,East,10.0,6.0
2020,NFL,bills,AFC,East,13.0,3.0
2021,NFL,bills,AFC,East,11.0,6.0
2022,NFL,bills,AFC,East,13.0,3.0
2023,NFL,bills,AFC,East,11.0,6.0
2024,NFL,bills,AFC,East,13.0,4.0
2025,NFL,bills,AFC,East,12.0,5.0
1960,AFL,jets,—,East,7,7
1961,AFL,jets,—,East,7,7
1962,AFL,jets,—,East,5,9
1963,AFL,jets,—,East,5,8
1964,AFL,jets,—,East,5,8
1965,AFL,jets,—,East,5,8
1966,AFL,jets,—,East,6,6
1967,AFL,jets,—,East,8,5
1968,AFL,jets,—,East,11,3
1969,AFL,jets,—,East,10,4
1970,NFL,jets,AFC,East,4,10
1971,NFL,jets,AFC,East,6,8
1972,NFL,jets,AFC,East,7,7
1973,NFL,jets,AFC,East,4,10
1974,NFL,jets,AFC,East,7,7
1975,NFL,jets,AFC,East,3,11
1976,NFL,jets,AFC,East,3,11
1977,NFL,jets,AFC,East,3,11
1978,NFL,jets,AFC,East,8,8
1979,NFL,jets,AFC,East,8,8
1980,NFL,jets,AFC,East,4,12
1981,NFL,jets,AFC,East,10,5
1983,NFL,jets,AFC,East,7,9
1984,NFL,jets,AFC,East,7,9
1985,NFL,jets,AFC,East,11,5
1986,NFL,jets,AFC,East,10,6
1988,NFL,jets,AFC,East,8,7
1989,NFL,jets,AFC,East,4,12
1990,NFL,jets,AFC,East,6,10
1991,NFL,jets,AFC,East,8,8
1992,NFL,jets,AFC,East,4,12
1993,NFL,jets,AFC,East,8,8
1994,NFL,jets,AFC,East,6,10
1995,NFL,jets,AFC,East,3,13
1996,NFL,jets,AFC,East,1,15
1997,NFL,jets,AFC,East,9,7
1998,NFL,jets,AFC,East,12,4
1999,NFL,jets,AFC,East,8,8
2000,NFL,jets,AFC,East,9,7
2001,NFL,jets,AFC,East,10,6
2002,NFL,jets,AFC,East,9,7
2003,NFL,jets,AFC,East,6,10
2004,NFL,jets,AFC,East,10,6
2005,NFL,jets,AFC,East,4,12
2006,NFL,jets,AFC,East,10,6
2007,NFL,jets,AFC,East,4,12
2008,NFL,jets,AFC,East,9,7
2009,NFL,jets,AFC,East,9,7
2010,NFL,jets,AFC,East,11,5
2011,NFL,jets,AFC,East,8,8
2012,NFL,jets,AFC,East,6,10
2013,NFL,jets,AFC,East,8,8
2014,NFL,jets,AFC,East,4,12
2015,NFL,jets,AFC,East,10,6
2016,NFL,jets,AFC,East,5,11
2017,NFL,jets,AFC,East,5,11
2018,NFL,jets,AFC,East,4,12
2019,NFL,jets,AFC,East,7,9
2020,NFL,jets,AFC,East,2,14
2021,NFL,jets,AFC,East,4,13
2022,NFL,jets,AFC,East,7,10
2023,NFL,jets,AFC,East,7,10
2024,NFL,jets,AFC,East,5,12
2025,NFL,jets,AFC,East,3,14
1996,NFL,ravens,AFC,Central,4,12
1997,NFL,ravens,AFC,Central,6,9
1998,NFL,ravens,AFC,Central,6,10
1999,NFL,ravens,AFC,Central,8,8
2000,NFL,ravens,AFC,Central,12,4
2001,NFL,ravens,AFC,Central,10,6
2002,NFL,ravens,AFC,North,7,9
2003,NFL,ravens,AFC,North,10,6
2004,NFL,ravens,AFC,North,9,7
2005,NFL,ravens,AFC,North,6,10
2006,NFL,ravens,AFC,North,13,3
2007,NFL,ravens,AFC,North,5,11
2008,NFL,ravens,AFC,North,11,5
2009,NFL,ravens,AFC,North,9,7
2010,NFL,ravens,AFC,North,12,4
2011,NFL,ravens,AFC,North,12,4
2012,NFL,ravens,AFC,North,10,6
2013,NFL,ravens,AFC,North,8,8
2014,NFL,ravens,AFC,North,10,6
2015,NFL,ravens,AFC,North,5,11
2016,NFL,ravens,AFC,North,8,8
2017,NFL,ravens,AFC,North,9,7
2018,NFL,ravens,AFC,North,10,6
2019,NFL,ravens,AFC,North,14,2
2020,NFL,ravens,AFC,North,11,5
2021,NFL,ravens,AFC,North,8,9
2022,NFL,ravens,AFC,North,10,7
2023,NFL,ravens,AFC,North,13,4
2024,NFL,ravens,AFC,North,12,5
2025,NFL,ravens,AFC,North,8,9
1968,AFL,bengals,—N/a,Western,3,11
1969,AFL,bengals,—N/a,Western,4,9
1970,NFL,bengals,AFC,Central,8,6
1971,NFL,bengals,AFC,Central,4,10
1972,NFL,bengals,AFC,Central,8,6
1973,NFL,bengals,AFC,Central,10,4
1974,NFL,bengals,AFC,Central,7,7
1975,NFL,bengals,AFC,Central,11,3
1976,NFL,bengals,AFC,Central,10,4
1977,NFL,bengals,AFC,Central,8,6
1978,NFL,bengals,AFC,Central,4,12
1979,NFL,bengals,AFC,Central,4,12
1980,NFL,bengals,AFC,Central,6,10
1981,NFL,bengals,AFC,Central,12,4
1982,NFL,bengals,AFC,—N/a,7,2
1983,NFL,bengals,AFC,Central,7,9
1984,NFL,bengals,AFC,Central,8,8
1985,NFL,bengals,AFC,Central,7,9
1986,NFL,bengals,AFC,Central,10,6
1987,NFL,bengals,AFC,Central,4,11
1988,NFL,bengals,AFC,Central,12,4
1989,NFL,bengals,AFC,Central,8,8
1990,NFL,bengals,AFC,Central,9,7
1991,NFL,bengals,AFC,Central,3,13
1992,NFL,bengals,AFC,Central,5,11
1993,NFL,bengals,AFC,Central,3,13
1994,NFL,bengals,AFC,Central,3,13
1995,NFL,bengals,AFC,Central,7,9
1996,NFL,bengals,AFC,Central,8,8
1997,NFL,bengals,AFC,Central,7,9
1998,NFL,bengals,AFC,Central,3,13
1999,NFL,bengals,AFC,Central,4,12
2000,NFL,bengals,AFC,Central,4,12
2001,NFL,bengals,AFC,Central,6,10
2002,NFL,bengals,AFC,North,2,14
2003,NFL,bengals,AFC,North,8,8
2004,NFL,bengals,AFC,North,8,8
2005,NFL,bengals,AFC,North,11,5
2006,NFL,bengals,AFC,North,8,8
2007,NFL,bengals,AFC,North,7,9
2008,NFL,bengals,AFC,North,4,11
2009,NFL,bengals,AFC,North,10,6
2010,NFL,bengals,AFC,North,4,12
2011,NFL,bengals,AFC,North,9,7
2012,NFL,bengals,AFC,North,10,6
2013,NFL,bengals,AFC,North,11,5
2014,NFL,bengals,AFC,North,10,5
2015,NFL,bengals,AFC,North,12,4
2016,NFL,bengals,AFC,North,6,9
2017,NFL,bengals,AFC,North,7,9
2018,NFL,bengals,AFC,North,6,10
2019,NFL,bengals,AFC,North,2,14
2020,NFL,bengals,AFC,North,4,11
2021,NFL,bengals,AFC,North,10,7
2022,NFL,bengals,AFC,North,12,4
2023,NFL,bengals,AFC,North,9,8
2024,NFL,bengals,AFC,North,9,8
2025,NFL,bengals,AFC,North,6,11
1946,AAFC,browns,nan,Western,12,2
1947,AAFC,browns,nan,Western,12,1
1948,AAFC,browns,nan,Western,14,0
1949,AAFC,browns,nan,nan,9,1
1950,NFL,browns,American,nan,10,2
1951,NFL,browns,American,nan,11,1
1952,NFL,browns,American,nan,8,4
1953,NFL,browns,Eastern,nan,11,1
1954,NFL,browns,Eastern,nan,9,3
1955,NFL,browns,Eastern,nan,9,2
1956,NFL,browns,Eastern,nan,5,7
1957,NFL,browns,Eastern,nan,9,2
1958,NFL,browns,Eastern,nan,9,3
1959,NFL,browns,Eastern,nan,7,5
1960,NFL,browns,Eastern,nan,8,3
1961,NFL,browns,Eastern,nan,8,5
1962,NFL,browns,Eastern,nan,7,6
1963,NFL,browns,Eastern,nan,10,4
1964,NFL,browns,Eastern,nan,10,3
1965,NFL,browns,Eastern,nan,11,3
1966,NFL,browns,Eastern,nan,9,5
1967,NFL,browns,Eastern,Century,9,5
1968,NFL,browns,Eastern,Century,10,4
1969,NFL,browns,Eastern,Century,10,3
1970,NFL,browns,AFC,Central,7,7
1971,NFL,browns,AFC,Central,9,5
1972,NFL,browns,AFC,Central,10,4
1973,NFL,browns,AFC,Central,7,5
1974,NFL,browns,AFC,Central,4,10
1975,NFL,browns,AFC,Central,3,11
1976,NFL,browns,AFC,Central,9,5
1977,NFL,browns,AFC,Central,6,8
1978,NFL,browns,AFC,Central,8,8
1979,NFL,browns,AFC,Central,9,7
1980,NFL,browns,AFC,Central,11,5
1981,NFL,browns,AFC,Central,5,11
1982,NFL,browns,AFC,—[G],4,5
1983,NFL,browns,AFC,Central,9,7
1984,NFL,browns,AFC,Central,5,11
1985,NFL,browns,AFC,Central,8,8
1986,NFL,browns,AFC,Central,12,4
1987,NFL,browns,AFC,Central,10,5
1988,NFL,browns,AFC,Central,10,6
1989,NFL,browns,AFC,Central,9,6
1990,NFL,browns,AFC,Central,3,13
1991,NFL,browns,AFC,Central,6,10
1992,NFL,browns,AFC,Central,7,9
1993,NFL,browns,AFC,Central,7,9
1994,NFL,browns,AFC,Central,11,5
1995,NFL,browns,AFC,Central,5,11
1996,Inactive from 1996 to 1998,browns,Inactive from 1996 to 1998,Inactive from 1996 to 1998,Inactive from 1996 to 1998,Inactive from 1996 to 1998
1997,Inactive from 1996 to 1998,browns,Inactive from 1996 to 1998,Inactive from 1996 to 1998,Inactive from 1996 to 1998,Inactive from 1996 to 1998
1998,Inactive from 1996 to 1998,browns,Inactive from 1996 to 1998,Inactive from 1996 to 1998,Inactive from 1996 to 1998,Inactive from 1996 to 1998
1999,NFL,browns,AFC,Central,2,14
2000,NFL,browns,AFC,Central,3,13
2001,NFL,browns,AFC,Central,7,9
2002,NFL,browns,AFC,North[I],9,7
2003,NFL,browns,AFC,North,5,11
2004,NFL,browns,AFC,North,4,12
2005,NFL,browns,AFC,North,6,10
2006,NFL,browns,AFC,North,4,12
2007,NFL,browns,AFC,North,10,6
2008,NFL,browns,AFC,North,4,12
2009,NFL,browns,AFC,North,5,11
2010,NFL,browns,AFC,North,5,11
2011,NFL,browns,AFC,North,4,12
2012,NFL,browns,AFC,North,5,11
2013,NFL,browns,AFC,North,4,12
2014,NFL,browns,AFC,North,7,9
2015,NFL,browns,AFC,North,3,13
2016,NFL,browns,AFC,North,1,15
2017,NFL,browns,AFC,North,0,16
2018,NFL,browns,AFC,North,7,8
2019,NFL,browns,AFC,North,6,10
2020,NFL,browns,AFC,North,11,5
2021,NFL,browns,AFC,North,8,9
2022,NFL,browns,AFC,North,7,10
2023,NFL,browns,AFC,North,11,6
2024,NFL,browns,AFC,North,3,14
2025,NFL,browns,AFC,North,5,12
1933,NFL,steelers,nan,East,3,6
1934,NFL,steelers,nan,East,2,10
1935,NFL,steelers,nan,East,4,8
1936,NFL,steelers,nan,East,6,6
1937,NFL,steelers,nan,East,4,7
1938,NFL,steelers,nan,East,2,9
1939,NFL,steelers,nan,East,1,9
1940,NFL,steelers,nan,East,2,7
1941,NFL,steelers,nan,East,1,9
1942,NFL,steelers,nan,East,7,4
1943,NFL,steelers,nan,East,5,4
1944,NFL,steelers,nan,West,0,10
1945,NFL,steelers,nan,East,2,8
1946,NFL,steelers,nan,East,5,5
1947,NFL,steelers,nan,East,8,4
1948,NFL,steelers,nan,East,4,8
1949,NFL,steelers,nan,East,6,5
1950,NFL,steelers,American,nan,6,6
1951,NFL,steelers,American,nan,4,7
1952,NFL,steelers,American,nan,5,7
1953,NFL,steelers,Eastern,nan,6,6
1954,NFL,steelers,Eastern,nan,5,7
1955,NFL,steelers,Eastern,nan,4,8
1956,NFL,steelers,Eastern,nan,5,7
1957,NFL,steelers,Eastern,nan,6,6
1958,NFL,steelers,Eastern,nan,7,4
1959,NFL,steelers,Eastern,nan,6,5
1960,NFL,steelers,Eastern,nan,5,6
1961,NFL,steelers,Eastern,nan,6,8
1962,NFL,steelers,Eastern,nan,9,5
1963,NFL,steelers,Eastern,nan,7,4
1964,NFL,steelers,Eastern,nan,5,9
1965,NFL,steelers,Eastern,nan,2,12
1966,NFL,steelers,Eastern,nan,5,8
1967,NFL,steelers,Eastern,Century,4,9
1968,NFL,steelers,Eastern,Century,2,11
1969,NFL,steelers,Eastern,Century,1,13
1970,NFL,steelers,AFC,Central,5,9
1971,NFL,steelers,AFC,Central,6,8
1972,NFL,steelers,AFC,Central,11,3
1973,NFL,steelers,AFC,Central,10,4
1974,NFL,steelers,AFC,Central,10,3
1975,NFL,steelers,AFC,Central,12,2
1976,NFL,steelers,AFC,Central,10,4
1977,NFL,steelers,AFC,Central,9,5
1978,NFL,steelers,AFC,Central,14,2
1979,NFL,steelers,AFC,Central,12,4
1980,NFL,steelers,AFC,Central,9,7
1981,NFL,steelers,AFC,Central,8,8
1982,NFL,steelers,AFC,Central,6,3
1983,NFL,steelers,AFC,Central,10,6
1984,NFL,steelers,AFC,Central,9,7
1985,NFL,steelers,AFC,Central,7,9
1986,NFL,steelers,AFC,Central,6,10
1987,NFL,steelers,AFC,Central,8,7
1988,NFL,steelers,AFC,Central,5,11
1989,NFL,steelers,AFC,Central,9,7
1990,NFL,steelers,AFC,Central,9,7
1991,NFL,steelers,AFC,Central,7,9
1992,NFL,steelers,AFC,Central,11,5
1993,NFL,steelers,AFC,Central,9,7
1994,NFL,steelers,AFC,Central,12,4
1995,NFL,steelers,AFC,Central,11,5
1996,NFL,steelers,AFC,Central,10,6
1997,NFL,steelers,AFC,Central,11,5
1998,NFL,steelers,AFC,Central,7,9
1999,NFL,steelers,AFC,Central,6,10
2000,NFL,steelers,AFC,Central,9,7
2001,NFL,steelers,AFC,Central,13,3
2002,NFL,steelers,AFC,North,10,5
2003,NFL,steelers,AFC,North,6,10
2004,NFL,steelers,AFC,North,15,1
2005,NFL,steelers,AFC,North,11,5
2006,NFL,steelers,AFC,North,8,8
2007,NFL,steelers,AFC,North,10,6
2008,NFL,steelers,AFC,North,12,4
2009,NFL,steelers,AFC,North,9,7
2010,NFL,steelers,AFC,North,12,4
2011,NFL,steelers,AFC,North,12,4
2012,NFL,steelers,AFC,North,8,8
2013,NFL,steelers,AFC,North,8,8
2014,NFL,steelers,AFC,North,11,5
2015,NFL,steelers,AFC,North,10,6
2016,NFL,steelers,AFC,North,11,5
2017,NFL,steelers,AFC,North,13,3
2018,NFL,steelers,AFC,North,9,6
2019,NFL,steelers,AFC,North,8,8
2020,NFL,steelers,AFC,North,12,4
2021,NFL,steelers,AFC,North,9,7
2022,NFL,steelers,AFC,North,9,8
2023,NFL,steelers,AFC,North,10,7
2024,NFL,steelers,AFC,North,10,7
2025,NFL,steelers,AFC,North,10,7
2002,NFL,texans,AFC,South,4,12
2003,NFL,texans,AFC,South,5,11
2004,NFL,texans,AFC,South,7,9
2005,NFL,texans,AFC,South,2,14
2006,NFL,texans,AFC,South,6,10
2007,NFL,texans,AFC,South,8,8
2008,NFL,texans,AFC,South,8,8
2009,NFL,texans,AFC,South,9,7
2010,NFL,texans,AFC,South,6,10
2011,NFL,texans,AFC,South,10,6
2012,NFL,texans,AFC,South,12,4
2013,NFL,texans,AFC,South,2,14
2014,NFL,texans,AFC,South,9,7
2015,NFL,texans,AFC,South,9,7
2016,NFL,texans,AFC,South,9,7
2017,NFL,texans,AFC,South,4,12
2018,NFL,texans,AFC,South,11,5
2019,NFL,texans,AFC,South,10,6
2020,NFL,texans,AFC,South,4,12
2021,NFL,texans,AFC,South,4,13
2022,NFL,texans,AFC,South,3,13
2023,NFL,texans,AFC,South,10,7
2024,NFL,texans,AFC,South,10,7
2025,NFL,texans,AFC,South,12,5
1953,NFL,colts,Western,—,3,9
1954,NFL,colts,Western,—,3,9
1955,NFL,colts,Western,—,5,6
1956,NFL,colts,Western,—,5,7
1957,NFL,colts,Western,—,7,5
1958,NFL,colts,Western,—,9,3
1959,NFL,colts,Western,—,9,3
1960,NFL,colts,Western,—,6,6
1961,NFL,colts,Western,—,8,6
1962,NFL,colts,Western,—,7,7
1963,NFL,colts,Western,—,8,6
1964,NFL,colts,Western,—,12,2
1965,NFL,colts,Western,—,10,3
1966,NFL,colts,Western,—,9,5
1968,NFL,colts,Western,Coastal,13,1
1969,NFL,colts,Western,Coastal,8,5
1970,NFL,colts,AFC,East,11,2
1971,NFL,colts,AFC,East,10,4
1972,NFL,colts,AFC,East,5,9
1973,NFL,colts,AFC,East,4,10
1974,NFL,colts,AFC,East,2,12
1975,NFL,colts,AFC,East,10,4
1976,NFL,colts,AFC,East,11,3
1977,NFL,colts,AFC,East,10,4
1978,NFL,colts,AFC,East,5,11
1979,NFL,colts,AFC,East,5,11
1980,NFL,colts,AFC,East,7,9
1981,NFL,colts,AFC,East,2,14
1982,NFL,colts,AFC,,0,8
1983,NFL,colts,AFC,East,7,9
1984,NFL,colts,AFC,East,4,12
1985,NFL,colts,AFC,East,5,11
1986,NFL,colts,AFC,East,3,13
1987,NFL,colts,AFC,East,9,6
1988,NFL,colts,AFC,East,9,7
1989,NFL,colts,AFC,East,8,8
1990,NFL,colts,AFC,East,7,9
1991,NFL,colts,AFC,East,1,15
1992,NFL,colts,AFC,East,9,7
1993,NFL,colts,AFC,East,4,12
1994,NFL,colts,AFC,East,8,8
1995,NFL,colts,AFC,East,9,7
1996,NFL,colts,AFC,East,9,7
1997,NFL,colts,AFC,East,3,13
1998,NFL,colts,AFC,East,3,13
1999,NFL,colts,AFC,East,13,3
2000,NFL,colts,AFC,East,10,6
2001,NFL,colts,AFC,East,6,10
2002,NFL,colts,AFC,South,10,6
2003,NFL,colts,AFC,South,12,4
2004,NFL,colts,AFC,South,12,4
2005,NFL,colts,AFC,South,14,2
2006,NFL,colts,AFC,South,12,4
2007,NFL,colts,AFC,South,13,3
2008,NFL,colts,AFC,South,12,4
2009,NFL,colts,AFC,South,14,2
2010,NFL,colts,AFC,South,10,6
2011,NFL,colts,AFC,South,2,14
2012,NFL,colts,AFC,South,11,5
2013,NFL,colts,AFC,South,11,5
2014,NFL,colts,AFC,South,11,5
2015,NFL,colts,AFC,South,8,8
2016,NFL,colts,AFC,South,8,8
2017,NFL,colts,AFC,South,4,12
2018,NFL,colts,AFC,South,10,6
2019,NFL,colts,AFC,South,7,9
2020,NFL,colts,AFC,South,11,5
2021,NFL,colts,AFC,South,9,8
2022,NFL,colts,AFC,South,4,12
2023,NFL,colts,AFC,South,9,8
2024,NFL,colts,AFC,South,8,9
2025,NFL,colts,AFC,South,8,9
1995,NFL,jaguars,AFC,Central,4,12
1996,NFL,jaguars,AFC,Central,9,7
1997,NFL,jaguars,AFC,Central,11,5
1998,NFL,jaguars,AFC,Central,11,5
1999,NFL,jaguars,AFC,Central,14,2
2000,NFL,jaguars,AFC,Central,7,9
2001,NFL,jaguars,AFC,Central,6,10
2002,NFL,jaguars,AFC,South,6,10
2003,NFL,jaguars,AFC,South,5,11
2004,NFL,jaguars,AFC,South,9,7
2005,NFL,jaguars,AFC,South,12,4
2006,NFL,jaguars,AFC,South,8,8
2007,NFL,jaguars,AFC,South,11,5
2008,NFL,jaguars,AFC,South,5,11
2009,NFL,jaguars,AFC,South,7,9
2010,NFL,jaguars,AFC,South,8,8
2011,NFL,jaguars,AFC,South,5,11
2012,NFL,jaguars,AFC,South,2,14
2013,NFL,jaguars,AFC,South,4,12
2014,NFL,jaguars,AFC,South,3,13
2015,NFL,jaguars,AFC,South,5,11
2016,NFL,jaguars,AFC,South,3,13
2017,NFL,jaguars,AFC,South,10,6
2018,NFL,jaguars,AFC,South,5,11
2019,NFL,jaguars,AFC,South,6,10
2020,NFL,jaguars,AFC,South,1,15
2021,NFL,jaguars,AFC,South,3,14
2022,NFL,jaguars,AFC,South,9,8
2023,NFL,jaguars,AFC,South,9,8
2024,NFL,jaguars,AFC,South,4,13
2025,NFL,jaguars,AFC,South,13,4
1960,AFL,titans,—,East,10,4
1961,AFL,titans,—,East,10,3
1962,AFL,titans,—,East',11,3
1963,AFL,titans,—,East,6,8
1964,AFL,titans,—,East,4,10
1965,AFL,titans,—,East,4,10
1966,AFL,titans,—,East,3,11
1967,AFL,titans,—,East,9,4
1968,AFL,titans,—,East,7,7
1969,AFL,titans,—,East,6,6
1970,NFL,titans,AFC,Central,3,10
1971,NFL,titans,AFC,Central,4,9
1972,NFL,titans,AFC,Central,1,13
1973,NFL,titans,AFC,Central,1,13
1974,NFL,titans,AFC,Central,7,7
1975,NFL,titans,AFC,Central,10,4
1976,NFL,titans,AFC,Central,5,9
1977,NFL,titans,AFC,Central,8,6
1979,NFL,titans,AFC,Central,11,5
1980,NFL,titans,AFC,Central,11,5
1981,NFL,titans,AFC,Central,7,9
1982,NFL,titans,AFC,—,1,8
1983,NFL,titans,AFC,Central,2,14
1984,NFL,titans,AFC,Central,3,13
1985,NFL,titans,AFC,Central,5,11
1986,NFL,titans,AFC,Central,5,11
1988,NFL,titans,AFC,Central,10,6
1989,NFL,titans,AFC,Central,9,7
1990,NFL,titans,AFC,Central,9,7
1991,NFL,titans,AFC,Central,11,5
1992,NFL,titans,AFC,Central,10,6
1993,NFL,titans,AFC,Central,12,4
1994,NFL,titans,AFC,Central,2,14
1995,NFL,titans,AFC,Central,7,9
1996,NFL,titans,AFC,Central,8,8
1997,NFL,titans,AFC,Central,8,8
1998,NFL,titans,AFC,Central,8,8
1999,NFL,titans,AFC,Central,13,3
2000,NFL,titans,AFC,Central,13,3
2001,NFL,titans,AFC,Central,7,9
2002,NFL,titans,AFC,South[d],11,5
2003,NFL,titans,AFC,South,12,4
2004,NFL,titans,AFC,South,5,11
2005,NFL,titans,AFC,South,4,12
2006,NFL,titans,AFC,South,8,8
2007,NFL,titans,AFC,South,10,6
2008,NFL,titans,AFC,South,13,3
2009,NFL,titans,AFC,South,8,8
2010,NFL,titans,AFC,South,6,10
2011,NFL,titans,AFC,South,9,7
2012,NFL,titans,AFC,South,6,10
2013,NFL,titans,AFC,South,7,9
2014,NFL,titans,AFC,South,2,14
2015,NFL,titans,AFC,South,3,13
2016,NFL,titans,AFC,South,9,7
2017,NFL,titans,AFC,South,9,7
2018,NFL,titans,AFC,South,9,7
2019,NFL,titans,AFC,South,9,7
2020,NFL,titans,AFC,South,11,5
2022,NFL,titans,AFC,South,7,10
2023,NFL,titans,AFC,South,6,11
2024,NFL,titans,AFC,South,3,14
2025,NFL,titans,AFC,South,3,14
1960,AFL,broncos,nan,West,4,9
1961,AFL,broncos,nan,West,3,11
1962,AFL,broncos,nan,West,7,7
1963,AFL,broncos,nan,West,2,11
1964,AFL,broncos,nan,West,2,11
1965,AFL,broncos,nan,West,4,10
1966,AFL,broncos,nan,West,4,10
1967,AFL,broncos,nan,West,3,11
1968,AFL,broncos,nan,West,5,9
1969,AFL,broncos,nan,West,5,8
1970,NFL,broncos,AFC,West,5,8
1971,NFL,broncos,AFC,West,4,9
1972,NFL,broncos,AFC,West,5,9
1973,NFL,broncos,AFC,West,7,5
1974,NFL,broncos,AFC,West,7,6
1975,NFL,broncos,AFC,West,6,8
1976,NFL,broncos,AFC,West,9,5
1977,NFL,broncos,AFC,West,12,2
1978,NFL,broncos,AFC,West,10,6
1979,NFL,broncos,AFC,West,10,6
1980,NFL,broncos,AFC,West,8,8
1981,NFL,broncos,AFC,West,10,6
1982,NFL,broncos,AFC,None,2,7
1983,NFL,broncos,AFC,West,9,7
1984,NFL,broncos,AFC,West,13,3
1985,NFL,broncos,AFC,West,11,5
1986,NFL,broncos,AFC,West,11,5
1987,NFL,broncos,AFC,West,10,4
1988,NFL,broncos,AFC,West,8,8
1989,NFL,broncos,AFC,West,11,5
1990,NFL,broncos,AFC,West,5,11
1991,NFL,broncos,AFC,West,12,4
1992,NFL,broncos,AFC,West,8,8
1993,NFL,broncos,AFC,West,9,7
1994,NFL,broncos,AFC,West,7,9
1995,NFL,broncos,AFC,West,8,8
1996,NFL,broncos,AFC,West,13,3
1997,NFL,broncos,AFC,West,12,4
1998,NFL,broncos,AFC,West,14,2
1999,NFL,broncos,AFC,West,6,10
2000,NFL,broncos,AFC,West,11,5
2001,NFL,broncos,AFC,West,8,8
2002,NFL,broncos,AFC,West,9,7
2003,NFL,broncos,AFC,West,10,6
2004,NFL,broncos,AFC,West,10,6
2005,NFL,broncos,AFC,West,13,3
2006,NFL,broncos,AFC,West,9,7
2007,NFL,broncos,AFC,West,7,9
2008,NFL,broncos,AFC,West,8,8
2009,NFL,broncos,AFC,West,8,8
2010,NFL,broncos,AFC,West,4,12
2011,NFL,broncos,AFC,West,8,8
2012,NFL,broncos,AFC,West,13,3
2013,NFL,broncos,AFC,West,13,3
2014,NFL,broncos,AFC,West,12,4
2015,NFL,broncos,AFC,West,12,4
2016,NFL,broncos,AFC,West,9,7
2017,NFL,broncos,AFC,West,5,11
2018,NFL,broncos,AFC,West,6,10
2019,NFL,broncos,AFC,West,7,9
2020,NFL,broncos,AFC,West,5,11
2021,NFL,broncos,AFC,West,7,10
2022,NFL,broncos,AFC,West,5,12
2023,NFL,broncos,AFC,West,8,9
2024,NFL,broncos,AFC,West,10,7
2025,NFL,broncos,AFC,West,14,3
1960,AFL,chiefs,nan,Western,8,6
1961,AFL,chiefs,nan,Western,6,8
1962,AFL,chiefs,nan,Western,11,3
1963,AFL,chiefs,nan,Western,5,7
1964,AFL,chiefs,nan,Western,7,7
1965,AFL,chiefs,nan,Western,7,5
1966,AFL,chiefs,nan,Western,11,2
1967,AFL,chiefs,nan,Western,9,5
1968,AFL,chiefs,nan,Western,12,2
1969,AFL,chiefs,nan,Western,11,3
1970,NFL,chiefs,AFC,West,7,5
1971,NFL,chiefs,AFC,West,10,3
1972,NFL,chiefs,AFC,West,8,6
1973,NFL,chiefs,AFC,West,7,5
1974,NFL,chiefs,AFC,West,5,9
1975,NFL,chiefs,AFC,West,5,9
1976,NFL,chiefs,AFC,West,5,9
1977,NFL,chiefs,AFC,West,2,12
1978,NFL,chiefs,AFC,West,4,12
1979,NFL,chiefs,AFC,West,7,9
1980,NFL,chiefs,AFC,West,8,8
1981,NFL,chiefs,AFC,West,9,7
1982,NFL,chiefs,AFC,nan,3,6
1983,NFL,chiefs,AFC,West,6,10
1984,NFL,chiefs,AFC,West,8,8
1985,NFL,chiefs,AFC,West,6,10
1986,NFL,chiefs,AFC,West,10,6
1988,NFL,chiefs,AFC,West,4,11
1989,NFL,chiefs,AFC,West,8,7
1990,NFL,chiefs,AFC,West,11,5
1991,NFL,chiefs,AFC,West,10,6
1992,NFL,chiefs,AFC,West,10,6
1993,NFL,chiefs,AFC,West,11,5
1994,NFL,chiefs,AFC,West,9,7
1995,NFL,chiefs,AFC,West,13,3
1996,NFL,chiefs,AFC,West,9,7
1997,NFL,chiefs,AFC,West,13,3
1998,NFL,chiefs,AFC,West,7,9
1999,NFL,chiefs,AFC,West,9,7
2000,NFL,chiefs,AFC,West,7,9
2001,NFL,chiefs,AFC,West,6,10
2002,NFL,chiefs,AFC,West,8,8
2003,NFL,chiefs,AFC,West,13,3
2004,NFL,chiefs,AFC,West,7,9
2005,NFL,chiefs,AFC,West,10,6
2006,NFL,chiefs,AFC,West,9,7
2007,NFL,chiefs,AFC,West,4,12
2008,NFL,chiefs,AFC,West,2,14
2009,NFL,chiefs,AFC,West,4,12
2010,NFL,chiefs,AFC,West,10,6
2011,NFL,chiefs,AFC,West,7,9
2012,NFL,chiefs,AFC,West,2,14
2013,NFL,chiefs,AFC,West,11,5
2014,NFL,chiefs,AFC,West,9,7
2015,NFL,chiefs,AFC,West,11,5
2016,NFL,chiefs,AFC,West,12,4
2017,NFL,chiefs,AFC,West,10,6
2018,NFL,chiefs,AFC,West,12,4
2019,NFL,chiefs,AFC,West,12,4
2020,NFL,chiefs,AFC,West,14,2
2021,NFL,chiefs,AFC,West,12,5
2022,NFL,chiefs,AFC,West,14,3
2023,NFL,chiefs,AFC,West,11,6
2024,NFL,chiefs,AFC,West,15,2
2025,NFL,chiefs,AFC,West,6,11
1960,AFL,raiders,nan,Western,6,8
1961,AFL,raiders,nan,Western,2,12
1962,AFL,raiders,nan,Western,1,13
1963,AFL,raiders,nan,Western,10,4
1964,AFL,raiders,nan,Western,5,7
1965,AFL,raiders,nan,Western,8,5
1966,AFL,raiders,nan,Western,8,5
1967,AFL,raiders,nan,Western,13,1
1968,AFL,raiders,nan,Western,12,2
1969,AFL,raiders,nan,Western,12,1
1970,NFL,raiders,AFC,West,8,4
1971,NFL,raiders,AFC,West,8,4
1972,NFL,raiders,AFC,West,10,3
1973,NFL,raiders,AFC,West,9,4
1974,NFL,raiders,AFC,West,12,2
1975,NFL,raiders,AFC,West,11,3
1976,NFL,raiders,AFC,West,13,1
1977,NFL,raiders,AFC,West,11,3
1978,NFL,raiders,AFC,West,9,7
1979,NFL,raiders,AFC,West,9,7
1980,NFL,raiders,AFC,West,11,5
1981,NFL,raiders,AFC,West,7,9
1982,NFL,raiders,AFC,—,8,1
1983,NFL,raiders,AFC,West,12,4
1984,NFL,raiders,AFC,West,11,5
1985,NFL,raiders,AFC,West,12,4
1986,NFL,raiders,AFC,West,8,8
1987,NFL,raiders,AFC,West,5,10
1988,NFL,raiders,AFC,West,7,9
1989,NFL,raiders,AFC,West,8,8
1990,NFL,raiders,AFC,West,12,4
1991,NFL,raiders,AFC,West,9,7
1992,NFL,raiders,AFC,West,7,9
1993,NFL,raiders,AFC,West,10,6
1994,NFL,raiders,AFC,West,9,7
1995,NFL,raiders,AFC,West,8,8
1996,NFL,raiders,AFC,West,7,9
1997,NFL,raiders,AFC,West,4,12
1998,NFL,raiders,AFC,West,8,8
1999,NFL,raiders,AFC,West,8,8
2000,NFL,raiders,AFC,West,12,4
2001,NFL,raiders,AFC,West,10,6
2002,NFL,raiders,AFC,West,11,5
2003,NFL,raiders,AFC,West,4,12
2004,NFL,raiders,AFC,West,5,11
2005,NFL,raiders,AFC,West,4,12
2006,NFL,raiders,AFC,West,2,14
2007,NFL,raiders,AFC,West,4,12
2008,NFL,raiders,AFC,West,5,11
2009,NFL,raiders,AFC,West,5,11
2010,NFL,raiders,AFC,West,8,8
2011,NFL,raiders,AFC,West,8,8
2012,NFL,raiders,AFC,West,4,12
2013,NFL,raiders,AFC,West,4,12
2014,NFL,raiders,AFC,West,3,13
2015,NFL,raiders,AFC,West,7,9
2016,NFL,raiders,AFC,West,12,4
2017,NFL,raiders,AFC,West,6,10
2018,NFL,raiders,AFC,West,4,12
2019,NFL,raiders,AFC,West,7,9
2020,NFL,raiders,AFC,West,8,8
2021,NFL,raiders,AFC,West,10,7
2022,NFL,raiders,AFC,West,6,11
2023,NFL,raiders,AFC,West,8,9
2024,NFL,raiders,AFC,West,4,13
2025,NFL,raiders,AFC,West,3,14
1960,AFL,chargers,nan,West,10,4
1961,AFL,chargers,nan,West,12,2
1962,AFL,chargers,nan,West,4,10
1963,AFL,chargers,nan,West,11,3
1964,AFL,chargers,nan,West,8,5
1965,AFL,chargers,nan,West,9,2
1966,AFL,chargers,nan,West,7,6
1967,AFL,chargers,nan,West,8,5
1968,AFL,chargers,nan,West,9,5
1969,AFL,chargers,nan,West,8,6
1970,NFL,chargers,AFC,West,5,6
1971,NFL,chargers,AFC,West,6,8
1972,NFL,chargers,AFC,West,4,9
1973,NFL,chargers,AFC,West,2,11
1974,NFL,chargers,AFC,West,5,9
1975,NFL,chargers,AFC,West,2,12
1976,NFL,chargers,AFC,West,6,8
1977,NFL,chargers,AFC,West,7,7
1978,NFL,chargers,AFC,West,9,7
1979,NFL,chargers,AFC,West,12,4
1980,NFL,chargers,AFC,West,11,5
1981,NFL,chargers,AFC,West,10,6
1983,NFL,chargers,AFC,West,6,10
1984,NFL,chargers,AFC,West,7,9
1985,NFL,chargers,AFC,West,8,8
1986,NFL,chargers,AFC,West,4,12
1988,NFL,chargers,AFC,West,6,10
1989,NFL,chargers,AFC,West,6,10
1990,NFL,chargers,AFC,West,6,10
1991,NFL,chargers,AFC,West,4,12
1992,NFL,chargers,AFC,West,11,5
1993,NFL,chargers,AFC,West,8,8
1994,NFL,chargers,AFC,West,11,5
1995,NFL,chargers,AFC,West,9,7
1996,NFL,chargers,AFC,West,8,8
1997,NFL,chargers,AFC,West,4,12
1998,NFL,chargers,AFC,West,5,11
1999,NFL,chargers,AFC,West,8,8
2000,NFL,chargers,AFC,West,1,15
2001,NFL,chargers,AFC,West,5,11
2002,NFL,chargers,AFC,West,8,8
2003,NFL,chargers,AFC,West,4,12
2004,NFL,chargers,AFC,West,12,4
2005,NFL,chargers,AFC,West,9,7
2006,NFL,chargers,AFC,West,14,2
2007,NFL,chargers,AFC,West,11,5
2008,NFL,chargers,AFC,West,8,8
2009,NFL,chargers,AFC,West,13,3
2010,NFL,chargers,AFC,West,9,7
2011,NFL,chargers,AFC,West,8,8
2012,NFL,chargers,AFC,West,7,9
2013,NFL,chargers,AFC,West,9,7
2014,NFL,chargers,AFC,West,9,7
2015,NFL,chargers,AFC,West,4,12
2016,NFL,chargers,AFC,West,5,11
2017,NFL,chargers,AFC,West,9,7
2018,NFL,chargers,AFC,West,12,4
2019,NFL,chargers,AFC,West,5,11
2020,NFL,chargers,AFC,West,7,9
2021,NFL,chargers,AFC,West,9,8
2022,NFL,chargers,AFC,West,10,7
2023,NFL,chargers,AFC,West,5,12
2024,NFL,chargers,AFC,West,11,6
2025,NFL,chargers,AFC,West,11,6
1960,NFL,cowboys,Western,nan,0,11
1961,NFL,cowboys,Eastern,nan,4,9
1962,NFL,cowboys,Eastern,nan,5,8
1963,NFL,cowboys,Eastern,nan,4,10
1964,NFL,cowboys,Eastern,nan,5,8
1965,NFL,cowboys,Eastern,nan,7,7
1966,NFL,cowboys,Eastern,nan,10,3
1967,NFL,cowboys,Eastern,Capitol,9,5
1968,NFL,cowboys,Eastern,Capitol,12,2
1969,NFL,cowboys,Eastern,Capitol,11,2
1970,NFL,cowboys,NFC,East,10,4
1971,NFL,cowboys,NFC,East,11,3
1972,NFL,cowboys,NFC,East,10,4
1973,NFL,cowboys,NFC,East,10,4
1974,NFL,cowboys,NFC,East,8,6
1975,NFL,cowboys,NFC,East,10,4
1976,NFL,cowboys,NFC,East,11,3
1977,NFL,cowboys,NFC,East,12,2
1978,NFL,cowboys,NFC,East,12,4
1979,NFL,cowboys,NFC,East,11,5
1980,NFL,cowboys,NFC,East,12,4
1981,NFL,cowboys,NFC,East,12,4
1982,NFL,cowboys,NFC,None,6,3
1983,NFL,cowboys,NFC,East,12,4
1984,NFL,cowboys,NFC,East,9,7
1985,NFL,cowboys,NFC,East,10,6
1986,NFL,cowboys,NFC,East,7,9
1987,NFL,cowboys,NFC,East,7,8
1988,NFL,cowboys,NFC,East,3,13
1989,NFL,cowboys,NFC,East,1,15
1990,NFL,cowboys,NFC,East,7,9
1991,NFL,cowboys,NFC,East,11,5
1992,NFL,cowboys,NFC,East,13,3
1993,NFL,cowboys,NFC,East,12,4
1994,NFL,cowboys,NFC,East,12,4
1995,NFL,cowboys,NFC,East,12,4
1996,NFL,cowboys,NFC,East,10,6
1997,NFL,cowboys,NFC,East,6,10
1998,NFL,cowboys,NFC,East,10,6
1999,NFL,cowboys,NFC,East,8,8
2000,NFL,cowboys,NFC,East,5,11
2001,NFL,cowboys,NFC,East,5,11
2002,NFL,cowboys,NFC,East,5,11
2003,NFL,cowboys,NFC,East,10,6
2004,NFL,cowboys,NFC,East,6,10
2005,NFL,cowboys,NFC,East,9,7
2006,NFL,cowboys,NFC,East,9,7
2007,NFL,cowboys,NFC,East,13,3
2008,NFL,cowboys,NFC,East,9,7
2009,NFL,cowboys,NFC,East,11,5
2010,NFL,cowboys,NFC,East,6,10
2011,NFL,cowboys,NFC,East,8,8
2012,NFL,cowboys,NFC,East,8,8
2013,NFL,cowboys,NFC,East,8,8
2014,NFL,cowboys,NFC,East,12,4
2015,NFL,cowboys,NFC,East,4,12
2016,NFL,cowboys,NFC,East,13,3
2017,NFL,cowboys,NFC,East,9,7
2018,NFL,cowboys,NFC,East,10,6
2019,NFL,cowboys,NFC,East,8,8
2020,NFL,cowboys,NFC,East,6,10
2021,NFL,cowboys,NFC,East,12,5
2022,NFL,cowboys,NFC,East,12,5
2023,NFL,cowboys,NFC,East,12,5
2024,NFL,cowboys,NFC,East,7,10
2025,NFL,cowboys,NFC,East,7,9
1925,NFL,giants,—,—,8,4
1926,NFL,giants,—,—,8,4
1927,NFL,giants,—,—,11,1
1928,NFL,giants,—,—,4,7
1929,NFL,giants,—,—,13,1
1930,NFL,giants,—,—,13,4
1931,NFL,giants,—,—,7,6
1932,NFL,giants,—,—,4,6
1933,NFL,giants,—,East,11,3
1934,NFL,giants,—,East,8,5
1935,NFL,giants,—,East,9,3
1936,NFL,giants,—,East,5,6
1937,NFL,giants,—,East,6,3
1938,NFL,giants,—,East,8,2
1939,NFL,giants,—,East,9,1
1940,NFL,giants,—,East,6,4
1941,NFL,giants,—,East,8,3
1942,NFL,giants,—,East,5,5
1943,NFL,giants,—,East,6,3
1944,NFL,giants,—,East,8,1
1945,NFL,giants,—,East,3,6
1946,NFL,giants,—,East,7,3
1947,NFL,giants,—,East,2,8
1948,NFL,giants,—,East,4,8
1949,NFL,giants,—,East,6,6
1950,NFL,giants,American,—,10,2
1951,NFL,giants,American,—,9,2
1952,NFL,giants,American,—,7,5
1953,NFL,giants,Eastern,—,3,9
1954,NFL,giants,Eastern,—,7,5
1955,NFL,giants,Eastern,—,6,5
1956,NFL,giants,Eastern,—,8,3
1957,NFL,giants,Eastern,—,7,5
1958,NFL,giants,Eastern,—,9,3
1959,NFL,giants,Eastern,—,10,2
1960,NFL,giants,Eastern,—,6,4
1961,NFL,giants,Eastern,—,10,3
1962,NFL,giants,Eastern,—,12,2
1963,NFL,giants,Eastern,—,11,3
1964,NFL,giants,Eastern,—,2,10
1965,NFL,giants,Eastern,—,7,7
1966,NFL,giants,Eastern,—,1,12
1967,NFL,giants,Eastern,Century,7,7
1968,NFL,giants,Eastern,Capitol,7,7
1969,NFL,giants,Eastern,Century,6,8
1970,NFL,giants,NFC,East,9,5
1971,NFL,giants,NFC,East,4,10
1972,NFL,giants,NFC,East,8,6
1973,NFL,giants,NFC,East,2,11
1974,NFL,giants,NFC,East,2,12
1975,NFL,giants,NFC,East,5,9
1976,NFL,giants,NFC,East,3,11
1977,NFL,giants,NFC,East,5,9
1979,NFL,giants,NFC,East,6,10
1980,NFL,giants,NFC,East,4,12
1981,NFL,giants,NFC,East,9,7
1983,NFL,giants,NFC,East,3,12
1984,NFL,giants,NFC,East,9,7
1985,NFL,giants,NFC,East,10,6
1986,NFL,giants,NFC,East,14,2
1988,NFL,giants,NFC,East,10,6
1989,NFL,giants,NFC,East,12,4
1990,NFL,giants,NFC,East,13,3
1991,NFL,giants,NFC,East,8,8
1992,NFL,giants,NFC,East,6,10
1993,NFL,giants,NFC,East,11,5
1994,NFL,giants,NFC,East,9,7
1995,NFL,giants,NFC,East,5,11
1996,NFL,giants,NFC,East,6,10
1997,NFL,giants,NFC,East,10,5
1998,NFL,giants,NFC,East,8,8
1999,NFL,giants,NFC,East,7,9
2000,NFL,giants,NFC,East,12,4
2001,NFL,giants,NFC,East,7,9
2002,NFL,giants,NFC,East,10,6
2003,NFL,giants,NFC,East,4,12
2004,NFL,giants,NFC,East,6,10
2005,NFL,giants,NFC,East,11,5
2006,NFL,giants,NFC,East,8,8
2007,NFL,giants,NFC,East,10,6
2008,NFL,giants,NFC,East,12,4
2009,NFL,giants,NFC,East,8,8
2010,NFL,giants,NFC,East,10,6
2011,NFL,giants,NFC,East,9,7
2012,NFL,giants,NFC,East,9,7
2013,NFL,giants,NFC,East,7,9
2014,NFL,giants,NFC,East,6,10
2015,NFL,giants,NFC,East,6,10
2016,NFL,giants,NFC,East,11,5
2017,NFL,giants,NFC,East,3,13
2018,NFL,giants,NFC,East,5,11
2019,NFL,giants,NFC,East,4,12
2020,NFL,giants,NFC,East,6,10
2021,NFL,giants,NFC,East,4,13
2022,NFL,giants,NFC,East,9,7
2023,NFL,giants,NFC,East,6,11
2024,NFL,giants,NFC,East,3,14
2025,NFL,giants,NFC,East,4,13
1933,NFL,eagles,nan,East,3,5
1934,NFL,eagles,nan,East,4,7
1935,NFL,eagles,nan,East,2,9
1936,NFL,eagles,nan,East,1,11
1937,NFL,eagles,nan,East,2,8
1938,NFL,eagles,nan,East,5,6
1939,NFL,eagles,nan,East,1,9
1940,NFL,eagles,nan,East,1,10
1941,NFL,eagles,nan,East,2,8
1942,NFL,eagles,nan,East,2,9
1943,NFL,eagles,nan,East,5,4
1944,NFL,eagles,nan,East,7,1
1945,NFL,eagles,nan,East,7,3
1946,NFL,eagles,nan,East,6,5
1947,NFL,eagles,nan,East,8,4
1948,NFL,eagles,nan,East,9,2
1949,NFL,eagles,nan,East,11,1
1950,NFL,eagles,American[G],nan,6,6
1951,NFL,eagles,American,nan,4,8
1952,NFL,eagles,American,nan,7,5
1953,NFL,eagles,Eastern,nan,7,4
1954,NFL,eagles,Eastern,nan,7,4
1955,NFL,eagles,Eastern,nan,4,7
1956,NFL,eagles,Eastern,nan,3,8
1957,NFL,eagles,Eastern,nan,4,8
1958,NFL,eagles,Eastern,nan,2,9
1959,NFL,eagles,Eastern,nan,7,5
1960,NFL,eagles,Eastern,nan,10,2
1961,NFL,eagles,Eastern,nan,10,4
1962,NFL,eagles,Eastern,nan,3,10
1963,NFL,eagles,Eastern,nan,2,10
1964,NFL,eagles,Eastern,nan,6,8
1965,NFL,eagles,Eastern,nan,5,9
1966,NFL,eagles,Eastern,nan,9,5
1967,NFL,eagles,Eastern,Capitol[J],6,7
1968,NFL,eagles,Eastern,Capitol,2,12
1969,NFL,eagles,Eastern,Capitol,4,9
1970,NFL,eagles,NFC[K],East[K],3,10
1971,NFL,eagles,NFC,East,6,7
1972,NFL,eagles,NFC,East,2,11
1973,NFL,eagles,NFC,East,5,8
1974,NFL,eagles,NFC,East,7,7
1975,NFL,eagles,NFC,East,4,10
1976,NFL,eagles,NFC,East,4,10
1977,NFL,eagles,NFC,East,5,9
1978,NFL,eagles,NFC,East,9,7
1979,NFL,eagles,NFC,East,11,5
1980,NFL,eagles,NFC,East,12,4
1981,NFL,eagles,NFC,East,10,6
1982,NFL,eagles,NFC,None,3,6
1983,NFL,eagles,NFC,East,5,11
1984,NFL,eagles,NFC,East,6,9
1985,NFL,eagles,NFC,East,7,9
1986,NFL,eagles,NFC,East,5,10
1987,NFL,eagles,NFC,East,7,8
1988,NFL,eagles,NFC,East,10,6
1989,NFL,eagles,NFC,East,11,5
1990,NFL,eagles,NFC,East,10,6
1991,NFL,eagles,NFC,East,10,6
1992,NFL,eagles,NFC,East,11,5
1993,NFL,eagles,NFC,East,8,8
1994,NFL,eagles,NFC,East,7,9
1995,NFL,eagles,NFC,East,10,6
1996,NFL,eagles,NFC,East,10,6
1997,NFL,eagles,NFC,East,6,9
1998,NFL,eagles,NFC,East,3,13
1999,NFL,eagles,NFC,East,5,11
2000,NFL,eagles,NFC,East,11,5
2001,NFL,eagles,NFC,East,11,5
2002,NFL,eagles,NFC,East,12,4
2003,NFL,eagles,NFC,East,12,4
2004,NFL,eagles,NFC,East,13,3
2005,NFL,eagles,NFC,East,6,10
2006,NFL,eagles,NFC,East,10,6
2007,NFL,eagles,NFC,East,8,8
2008,NFL,eagles,NFC,East,9,6
2009,NFL,eagles,NFC,East,11,5
2010,NFL,eagles,NFC,East,10,6
2011,NFL,eagles,NFC,East,8,8
2012,NFL,eagles,NFC,East,4,12
2013,NFL,eagles,NFC,East,10,6
2014,NFL,eagles,NFC,East,10,6
2015,NFL,eagles,NFC,East,7,9
2016,NFL,eagles,NFC,East,7,9
2017,NFL,eagles,NFC,East,13,3
2018,NFL,eagles,NFC,East,9,7
2019,NFL,eagles,NFC,East,9,7
2020,NFL,eagles,NFC,East,4,11
2021,NFL,eagles,NFC,East,9,8
2022,NFL,eagles,NFC,East,14,3
2023,NFL,eagles,NFC,East,11,6
2024,NFL,eagles,NFC,East,14,3
2025,NFL,eagles,NFC,East,11,6
1932,nan,commanders,—,—,4,4
1933,nan,commanders,—,East,5,5
1934,nan,commanders,—,East,6,6
1936,nan,commanders,—,East,7,5
1938,nan,commanders,—,East,6,3
1939,nan,commanders,—,East,8,2
1940,nan,commanders,—,East,9,2
1941,nan,commanders,—,East,6,5
1942,nan,commanders,—,East,10,1
1944,nan,commanders,—,East,6,3
1945,nan,commanders,—,East,8,2
1948,nan,commanders,—,East,7,5
1949,nan,commanders,—,East,4,7
1950,nan,commanders,American,—,3,9
1951,nan,commanders,American,—,5,7
1952,nan,commanders,American,—,4,8
1953,nan,commanders,Eastern,—,6,5
1954,nan,commanders,Eastern,—,3,9
1955,nan,commanders,Eastern,—,8,4
1956,nan,commanders,Eastern,—,6,6
1957,nan,commanders,Eastern,—,5,6
1958,nan,commanders,Eastern,—,4,7
1959,nan,commanders,Eastern,—,3,9
1960,nan,commanders,Eastern,—,1,9
1962,nan,commanders,Eastern,—,5,7
1963,nan,commanders,Eastern,—,3,11
1964,nan,commanders,Eastern,—,6,8
1965,nan,commanders,Eastern,—,6,8
1966,nan,commanders,Eastern,—,7,7
1968,nan,commanders,Eastern,Capitol,5,9
1969,nan,commanders,Eastern,Capitol,7,5
1970,nan,commanders,NFC,East[h],6,8
1971,nan,commanders,NFC,East,9,4
1972,nan,commanders,NFC,East,11,3
1973,nan,commanders,NFC,East,10,4
1974,nan,commanders,NFC,East,10,4
1975,nan,commanders,NFC,East,8,6
1976,nan,commanders,NFC,East,10,4
1977,nan,commanders,NFC,East,9,5
1979,nan,commanders,NFC,East,10,6
1980,nan,commanders,NFC,East,6,10
1981,nan,commanders,NFC,East,8,8
1983,nan,commanders,NFC,East,14,2
1984,nan,commanders,NFC,East,11,5
1985,nan,commanders,NFC,East,10,6
1986,nan,commanders,NFC,East,12,4
1988,nan,commanders,NFC,East,7,9
1989,nan,commanders,NFC,East,10,6
1990,nan,commanders,NFC,East,10,6
1991,nan,commanders,NFC,East,14,2
1992,nan,commanders,NFC,East,9,7
1993,nan,commanders,NFC,East,4,12
1994,nan,commanders,NFC,East,3,13
1995,nan,commanders,NFC,East,6,10
1996,nan,commanders,NFC,East,9,7
1997,nan,commanders,NFC,East,8,7
1998,nan,commanders,NFC,East,6,10
1999,nan,commanders,NFC,East,10,6
2000,nan,commanders,NFC,East,8,8
2001,nan,commanders,NFC,East,8,8
2002,nan,commanders,NFC,East,7,9
2003,nan,commanders,NFC,East,5,11
2004,nan,commanders,NFC,East,6,10
2005,nan,commanders,NFC,East,10,6
2006,nan,commanders,NFC,East,5,11
2007,nan,commanders,NFC,East,9,7
2008,nan,commanders,NFC,East,8,8
2009,nan,commanders,NFC,East,4,12
2010,nan,commanders,NFC,East,6,10
2011,nan,commanders,NFC,East,5,11
2012,nan,commanders,NFC,East,10,6
2013,nan,commanders,NFC,East,3,13
2014,nan,commanders,NFC,East,4,12
2015,nan,commanders,NFC,East,9,7
2016,nan,commanders,NFC,East,8,7
2017,nan,commanders,NFC,East,7,9
2018,nan,commanders,NFC,East,7,9
2019,nan,commanders,NFC,East,3,13
2020,nan,commanders,NFC,East,7,9
2022,nan,commanders,NFC,East,8,8
2023,nan,commanders,NFC,East,4,13
2024,nan,commanders,NFC,East,12,5
2025,nan,commanders,NFC,East,5,12
1919,Ind.,bears,nan,nan,6,1
1920,APFA,bears,nan,nan,10,1
1921,APFA,bears,nan,nan,9,1
1922,NFL,bears,nan,nan,9,3
1923,NFL,bears,nan,nan,9,2
1924,NFL,bears,nan,nan,6,1
1925,NFL,bears,nan,nan,9,5
1926,NFL,bears,nan,nan,12,1
1927,NFL,bears,nan,nan,9,3
1928,NFL,bears,nan,nan,7,5
1929,NFL,bears,nan,nan,4,9
1930,NFL,bears,nan,nan,9,4
1931,NFL,bears,nan,nan,8,5
1932,NFL,bears,nan,nan,7,1
1933,NFL,bears,nan,Western,10,2
1934,NFL,bears,nan,Western,13,0
1935,NFL,bears,nan,Western,6,4
1936,NFL,bears,nan,Western,9,3
1937,NFL,bears,nan,Western,9,1
1938,NFL,bears,nan,Western,6,5
1939,NFL,bears,nan,Western,8,3
1940,NFL,bears,nan,Western,8,3
1941,NFL,bears,nan,Western,10,1
1942,NFL,bears,nan,Western,11,0
1943,NFL,bears,nan,Western,8,1
1944,NFL,bears,nan,Western,6,3
1945,NFL,bears,nan,Western,3,7
1946,NFL,bears,nan,Western,8,2
1947,NFL,bears,nan,Western,8,4
1948,NFL,bears,nan,Western,10,2
1949,NFL,bears,nan,Western,9,3
1950,NFL,bears,National,nan,9,3
1951,NFL,bears,National,nan,7,5
1952,NFL,bears,National,nan,5,7
1953,NFL,bears,Western,nan,3,8
1954,NFL,bears,Western,nan,8,4
1955,NFL,bears,Western,nan,8,4
1956,NFL,bears,Western,nan,9,2
1957,NFL,bears,Western,nan,5,7
1958,NFL,bears,Western,nan,8,4
1959,NFL,bears,Western,nan,8,4
1960,NFL,bears,Western,nan,5,6
1961,NFL,bears,Western,nan,8,6
1962,NFL,bears,Western,nan,9,5
1963,NFL,bears,Western,nan,11,1
1964,NFL,bears,Western,nan,5,9
1965,NFL,bears,Western,nan,9,5
1966,NFL,bears,Western,nan,5,7
1967,NFL,bears,Western,Central,7,6
1968,NFL,bears,Western,Central,7,7
1969,NFL,bears,Western,Central,1,13
1970,NFL,bears,NFC,Central,6,8
1971,NFL,bears,NFC,Central,6,8
1972,NFL,bears,NFC,Central,4,9
1973,NFL,bears,NFC,Central,3,11
1974,NFL,bears,NFC,Central,4,10
1975,NFL,bears,NFC,Central,4,10
1976,NFL,bears,NFC,Central,7,7
1977,NFL,bears,NFC,Central,9,5
1978,NFL,bears,NFC,Central,7,9
1979,NFL,bears,NFC,Central,10,6
1980,NFL,bears,NFC,Central,7,9
1981,NFL,bears,NFC,Central,6,10
1982,NFL,bears,NFC,nan,3,6
1983,NFL,bears,NFC,Central,8,8
1984,NFL,bears,NFC,Central,10,6
1985,NFL,bears,NFC,Central,15,1
1986,NFL,bears,NFC,Central,14,2
1987,NFL,bears,NFC,Central,11,4
1988,NFL,bears,NFC,Central,12,4
1989,NFL,bears,NFC,Central,6,10
1990,NFL,bears,NFC,Central,11,5
1991,NFL,bears,NFC,Central,11,5
1992,NFL,bears,NFC,Central,5,11
1993,NFL,bears,NFC,Central,7,9
1994,NFL,bears,NFC,Central,9,7
1995,NFL,bears,NFC,Central,9,7
1996,NFL,bears,NFC,Central,7,9
1997,NFL,bears,NFC,Central,4,12
1998,NFL,bears,NFC,Central,4,12
1999,NFL,bears,NFC,Central,6,10
2000,NFL,bears,NFC,Central,5,11
2001,NFL,bears,NFC,Central,13,3
2002,NFL,bears,NFC,North,4,12
2003,NFL,bears,NFC,North,7,9
2004,NFL,bears,NFC,North,5,11
2005,NFL,bears,NFC,North,11,5
2006,NFL,bears,NFC,North,13,3
2007,NFL,bears,NFC,North,7,9
2008,NFL,bears,NFC,North,9,7
2009,NFL,bears,NFC,North,7,9
2010,NFL,bears,NFC,North,11,5
2011,NFL,bears,NFC,North,8,8
2012,NFL,bears,NFC,North,10,6
2013,NFL,bears,NFC,North,8,8
2014,NFL,bears,NFC,North,5,11
2015,NFL,bears,NFC,North,6,10
2016,NFL,bears,NFC,North,3,13
2017,NFL,bears,NFC,North,5,11
2018,NFL,bears,NFC,North,12,4
2019,NFL,bears,NFC,North,8,8
2020,NFL,bears,NFC,North,8,8
2021,NFL,bears,NFC,North,6,11
2022,NFL,bears,NFC,North,3,14
2023,NFL,bears,NFC,North,7,10
2024,NFL,bears,NFC,North,5,12
2025,NFL,bears,NFC,North,11,6
1928,nan,lions,nan,nan,9,3
1929,nan,lions,nan,nan,12,2
1930,NFL,lions,nan,nan,5,6
1931,NFL,lions,nan,nan,11,3
1932,NFL,lions,nan,nan,6,2
1933,NFL,lions,nan,Western,6,5
1934,NFL,lions,nan,Western,10,3
1935,NFL,lions,nan,Western,7,3
1936,NFL,lions,nan,Western,8,4
1937,NFL,lions,nan,Western,7,4
1938,NFL,lions,nan,Western,7,4
1939,NFL,lions,nan,Western,6,5
1940,NFL,lions,nan,Western,5,5
1941,NFL,lions,nan,Western,4,6
1942,NFL,lions,nan,Western,0,11
1943,NFL,lions,nan,Western,3,6
1944,NFL,lions,nan,Western,6,3
1945,NFL,lions,nan,Western,7,3
1946,NFL,lions,nan,Western,1,10
1947,NFL,lions,nan,Western,3,9
1948,NFL,lions,nan,Western,2,10
1949,NFL,lions,nan,Western,4,8
1950,NFL,lions,National,nan,6,6
1951,NFL,lions,National,nan,7,4
1952,NFL,lions,National,nan,9,3
1953,NFL,lions,Western[I],nan,10,2
1954,NFL,lions,Western,nan,9,2
1955,NFL,lions,Western,nan,3,9
1956,NFL,lions,Western,nan,9,3
1957,NFL,lions,Western,nan,8,4
1958,NFL,lions,Western,nan,4,7
1959,NFL,lions,Western,nan,3,8
1960,NFL,lions,Western,nan,7,5
1961,NFL,lions,Western,nan,8,5
1962,NFL,lions,Western,nan,11,3
1963,NFL,lions,Western,nan,5,8
1964,NFL,lions,Western,nan,7,5
1965,NFL,lions,Western,nan,6,7
1966,NFL,lions,Western,nan,4,9
1967,NFL,lions,Western,Central,5,7
1968,NFL,lions,Western,Central,4,8
1969,NFL,lions,Western,Central,9,4
1970,NFL,lions,NFC,Central,10,4
1971,NFL,lions,NFC,Central,7,6
1972,NFL,lions,NFC,Central,8,5
1973,NFL,lions,NFC,Central,6,7
1974,NFL,lions,NFC,Central,7,7
1975,NFL,lions,NFC,Central,7,7
1976,NFL,lions,NFC,Central,6,8
1977,NFL,lions,NFC,Central,6,8
1978,NFL,lions,NFC,Central,7,9
1979,NFL,lions,NFC,Central,2,14
1980,NFL,lions,NFC,Central,9,7
1981,NFL,lions,NFC,Central,8,8
1982,NFL,lions,NFC,None[O],4,5
1983,NFL,lions,NFC,Central,9,7
1984,NFL,lions,NFC,Central,4,11
1985,NFL,lions,NFC,Central,7,9
1986,NFL,lions,NFC,Central,5,11
1987,NFL,lions,NFC,Central,4,11
1988,NFL,lions,NFC,Central,4,12
1989,NFL,lions,NFC,Central,7,9
1990,NFL,lions,NFC,Central,6,10
1991,NFL,lions,NFC,Central,12,4
1992,NFL,lions,NFC,Central,5,11
1993,NFL,lions,NFC,Central,10,6
1994,NFL,lions,NFC,Central,9,7
1995,NFL,lions,NFC,Central,10,6
1996,NFL,lions,NFC,Central,5,11
1997,NFL,lions,NFC,Central,9,7
1998,NFL,lions,NFC,Central,5,11
1999,NFL,lions,NFC,Central,8,8
2000,NFL,lions,NFC,Central,9,7
2001,NFL,lions,NFC,Central,2,14
2002,NFL,lions,NFC,North[Q],3,13
2003,NFL,lions,NFC,North,5,11
2004,NFL,lions,NFC,North,6,10
2005,NFL,lions,NFC,North,5,11
2006,NFL,lions,NFC,North,3,13
2007,NFL,lions,NFC,North,7,9
2008,NFL,lions,NFC,North,0,16
2009,NFL,lions,NFC,North,2,14
2010,NFL,lions,NFC,North,6,10
2011,NFL,lions,NFC,North,10,6
2012,NFL,lions,NFC,North,4,12
2013,NFL,lions,NFC,North,7,9
2014,NFL,lions,NFC,North,11,5
2015,NFL,lions,NFC,North,7,9
2016,NFL,lions,NFC,North,9,7
2017,NFL,lions,NFC,North,9,7
2018,NFL,lions,NFC,North,6,10
2019,NFL,lions,NFC,North,3,12
2020,NFL,lions,NFC,North,5,11
2021,NFL,lions,NFC,North,3,13
2022,NFL,lions,NFC,North,9,8
2023,NFL,lions,NFC,North,12,5
2024,NFL,lions,NFC,North,15,2
2025,NFL,lions,NFC,North,9,8
1919,–,packers,–,–,10,1
1920,–,packers,–,–,9,1
1921,APFA,packers,nan,nan,3,2
1922,NFL,packers,nan,nan,4,3
1923,NFL,packers,nan,nan,7,2
1924,NFL,packers,nan,nan,7,4
1925,NFL,packers,nan,nan,8,5
1926,NFL,packers,nan,nan,7,3
1927,NFL,packers,nan,nan,7,2
1928,NFL,packers,nan,nan,6,4
1929,NFL,packers,nan,nan,12,0
1930,NFL,packers,nan,nan,10,3
1931,NFL,packers,nan,nan,12,2
1932,NFL,packers,nan,nan,10,3
1933,NFL,packers,nan,West,5,7
1934,NFL,packers,nan,West,7,6
1935,NFL,packers,nan,West,8,4
1936,NFL,packers,nan,West,10,1
1937,NFL,packers,nan,West,7,4
1938,NFL,packers,nan,West,8,3
1939,NFL,packers,nan,West,9,2
1940,NFL,packers,nan,West,6,4
1941,NFL,packers,nan,West,10,1
1942,NFL,packers,nan,West,8,2
1943,NFL,packers,nan,West,7,2
1944,NFL,packers,nan,West,8,2
1945,NFL,packers,nan,West,6,4
1946,NFL,packers,nan,West,6,5
1947,NFL,packers,nan,West,6,5
1948,NFL,packers,nan,West,3,9
1949,NFL,packers,nan,West,2,10
1950,NFL,packers,National,nan,3,9
1951,NFL,packers,National,nan,3,9
1952,NFL,packers,National,nan,6,6
1953,NFL,packers,Western,nan,2,9
1954,NFL,packers,Western,nan,4,8
1955,NFL,packers,Western,nan,6,6
1956,NFL,packers,Western,nan,4,8
1957,NFL,packers,Western,nan,3,9
1958,NFL,packers,Western,nan,1,10
1959,NFL,packers,Western,nan,7,5
1960,NFL,packers,Western,nan,8,4
1961,NFL,packers,Western,nan,11,3
1962,NFL,packers,Western,nan,13,1
1963,NFL,packers,Western,nan,11,2
1964,NFL,packers,Western,nan,8,5
1965,NFL,packers,Western,nan,10,3
1966,NFL,packers,Western,nan,12,2
1967,NFL,packers,Western,Central,9,4
1968,NFL,packers,Western,Central,6,7
1969,NFL,packers,Western,Central,8,6
1970,NFL,packers,NFCTooltip National Football Conference,Central,6,8
1971,NFL,packers,NFC,Central,4,8
1972,NFL,packers,NFC,Central,10,4
1973,NFL,packers,NFC,Central,5,7
1974,NFL,packers,NFC,Central,6,8
1975,NFL,packers,NFC,Central,4,10
1976,NFL,packers,NFC,Central,5,9
1977,NFL,packers,NFC,Central,4,10
1978,NFL,packers,NFC,Central,8,7
1979,NFL,packers,NFC,Central,5,11
1980,NFL,packers,NFC,Central,5,10
1981,NFL,packers,NFC,Central,8,8
1982,NFL,packers,NFC,nan,5,3
1983,NFL,packers,NFC,Central,8,8
1984,NFL,packers,NFC,Central,8,8
1985,NFL,packers,NFC,Central,8,8
1986,NFL,packers,NFC,Central,4,12
1987,NFL,packers,NFC,Central,5,9
1988,NFL,packers,NFC,Central,4,12
1989,NFL,packers,NFC,Central,10,6
1990,NFL,packers,NFC,Central,6,10
1991,NFL,packers,NFC,Central,4,12
1992,NFL,packers,NFC,Central,9,7
1993,NFL,packers,NFC,Central,9,7
1994,NFL,packers,NFC,Central,9,7
1995,NFL,packers,NFC,Central,11,5
1996,NFL,packers,NFC,Central,13,3
1997,NFL,packers,NFC,Central,13,3
1998,NFL,packers,NFC,Central,11,5
1999,NFL,packers,NFC,Central,8,8
2000,NFL,packers,NFC,Central,9,7
2001,NFL,packers,NFC,Central,12,4
2002,NFL,packers,NFC,North,12,4
2003,NFL,packers,NFC,North,10,6
2004,NFL,packers,NFC,North,10,6
2005,NFL,packers,NFC,North,4,12
2006,NFL,packers,NFC,North,8,8
2007,NFL,packers,NFC,North,13,3
2008,NFL,packers,NFC,North,6,10
2009,NFL,packers,NFC,North,11,5
2010,NFL,packers,NFC,North,10,6
2011,NFL,packers,NFC,North,15,1
2012,NFL,packers,NFC,North,11,5
2013,NFL,packers,NFC,North,8,7
2014,NFL,packers,NFC,North,12,4
2015,NFL,packers,NFC,North,10,6
2016,NFL,packers,NFC,North,10,6
2017,NFL,packers,NFC,North,7,9
2018,NFL,packers,NFC,North,6,9
2019,NFL,packers,NFC,North,13,3
2020,NFL,packers,NFC,North,13,3
2021,NFL,packers,NFC,North,13,4
2022,NFL,packers,NFC,North,8,9
2023,NFL,packers,NFC,North,9,8
2024,NFL,packers,NFC,North,11,6
2025,NFL,packers,NFC,North,9,7
1961,NFL,vikings,Western,nan,3,11
1962,NFL,vikings,Western,nan,2,11
1963,NFL,vikings,Western,nan,5,8
1964,NFL,vikings,Western,nan,8,5
1965,NFL,vikings,Western,nan,7,7
1966,NFL,vikings,Western,nan,4,9
1967,NFL,vikings,Western,Central,3,8
1968,NFL,vikings,Western,Central,8,6
1969,NFL,vikings,Western°,Central,12,2
1970,NFL,vikings,NFC,Central,12,2
1971,NFL,vikings,NFC,Central,11,3
1972,NFL,vikings,NFC,Central,7,7
1973,NFL,vikings,NFC°,Central,12,2
1974,NFL,vikings,NFC°,Central,10,4
1975,NFL,vikings,NFC,Central,12,2
1976,NFL,vikings,NFC°,Central,11,2
1977,NFL,vikings,NFC,Central,9,5
1979,NFL,vikings,NFC,Central,7,9
1980,NFL,vikings,NFC,Central,9,7
1981,NFL,vikings,NFC,Central,7,9
1983,NFL,vikings,NFC,Central,8,8
1984,NFL,vikings,NFC,Central,3,13
1985,NFL,vikings,NFC,Central,7,9
1986,NFL,vikings,NFC,Central,9,7
1988,NFL,vikings,NFC,Central,11,5
1989,NFL,vikings,NFC,Central,10,6
1990,NFL,vikings,NFC,Central,6,10
1991,NFL,vikings,NFC,Central,8,8
1992,NFL,vikings,NFC,Central,11,5
1993,NFL,vikings,NFC,Central,9,7
1994,NFL,vikings,NFC,Central,10,6
1995,NFL,vikings,NFC,Central,8,8
1996,NFL,vikings,NFC,Central,9,7
1997,NFL,vikings,NFC,Central,9,7
1998,NFL,vikings,NFC,Central,15,1
1999,NFL,vikings,NFC,Central,10,6
2000,NFL,vikings,NFC,Central,11,5
2001,NFL,vikings,NFC,Central,5,11
2002,NFL,vikings,NFC,North,6,10
2003,NFL,vikings,NFC,North,9,7
2004,NFL,vikings,NFC,North,8,8
2005,NFL,vikings,NFC,North,9,7
2006,NFL,vikings,NFC,North,6,10
2007,NFL,vikings,NFC,North,8,8
2008,NFL,vikings,NFC,North,10,6
2009,NFL,vikings,NFC,North,12,4
2010,NFL,vikings,NFC,North,6,10
2011,NFL,vikings,NFC,North,3,13
2012,NFL,vikings,NFC,North,10,6
2013,NFL,vikings,NFC,North,5,10
2014,NFL,vikings,NFC,North,7,9
2015,NFL,vikings,NFC,North,11,5
2016,NFL,vikings,NFC,North,8,8
2017,NFL,vikings,NFC,North,13,3
2018,NFL,vikings,NFC,North,8,7
2019,NFL,vikings,NFC,North,10,6
2020,NFL,vikings,NFC,North,7,9
2021,NFL,vikings,NFC,North,8,9
2022,NFL,vikings,NFC,North,13,4
2023,NFL,vikings,NFC,North,7,10
2024,NFL,vikings,NFC,North,14,3
2025,NFL,vikings,NFC,North,9,8
1966,NFL,falcons,Eastern,—,3,11
1967,NFL,falcons,Western,Coastal,1,12
1968,NFL,falcons,Western,Coastal,2,12
1969,NFL,falcons,Western,Coastal,6,8
1970,NFL,falcons,NFC,West[a],4,8
1971,NFL,falcons,NFC,West,7,6
1972,NFL,falcons,NFC,West,7,7
1973,NFL,falcons,NFC,West,9,5
1974,NFL,falcons,NFC,West,3,11
1975,NFL,falcons,NFC,West,4,10
1976,NFL,falcons,NFC,West,4,10
1977,NFL,falcons,NFC,West,7,7
1979,NFL,falcons,NFC,West,6,10
1980,NFL,falcons,NFC,West,12,4
1981,NFL,falcons,NFC,West,7,9
1982,NFL,falcons,NFC,—[c],5,4
1983,NFL,falcons,NFC,West,7,9
1984,NFL,falcons,NFC,West,4,12
1985,NFL,falcons,NFC,West,4,12
1986,NFL,falcons,NFC,West,7,8
1988,NFL,falcons,NFC,West,5,11
1989,NFL,falcons,NFC,West,3,13
1990,NFL,falcons,NFC,West,5,11
1991,NFL,falcons,NFC,West,10,6
1992,NFL,falcons,NFC,West,6,10
1993,NFL,falcons,NFC,West,6,10
1994,NFL,falcons,NFC,West,7,9
1995,NFL,falcons,NFC,West,9,7
1996,NFL,falcons,NFC,West,3,13
1997,NFL,falcons,NFC,West,7,9
1998,NFL,falcons,NFC,West,14,2
1999,NFL,falcons,NFC,West,5,11
2000,NFL,falcons,NFC,West,4,12
2001,NFL,falcons,NFC,West,7,9
2002,NFL,falcons,NFC,South[e],9,6
2003,NFL,falcons,NFC,South,5,11
2004,NFL,falcons,NFC,South,11,5
2005,NFL,falcons,NFC,South,8,8
2006,NFL,falcons,NFC,South,7,9
2007,NFL,falcons,NFC,South,4,12
2008,NFL,falcons,NFC,South,11,5
2009,NFL,falcons,NFC,South,9,7
2010,NFL,falcons,NFC,South,13,3
2011,NFL,falcons,NFC,South,10,6
2012,NFL,falcons,NFC,South,13,3
2013,NFL,falcons,NFC,South,4,12
2014,NFL,falcons,NFC,South,6,10
2015,NFL,falcons,NFC,South,8,8
2016,NFL,falcons,NFC,South,11,5
2017,NFL,falcons,NFC,South,10,6
2018,NFL,falcons,NFC,South,7,9
2019,NFL,falcons,NFC,South,7,9
2020,NFL,falcons,NFC,South,4,12
2022,NFL,falcons,NFC,South,7,10
2023,NFL,falcons,NFC,South,7,10
2024,NFL,falcons,NFC,South,8,9
2025,NFL,falcons,NFC,South,8,9
1995,NFL,panthers,NFC,West,7,9
1996,NFL,panthers,NFC,West,12,4
1997,NFL,panthers,NFC,West,7,9
1998,NFL,panthers,NFC,West,4,12
1999,NFL,panthers,NFC,West,8,8
2000,NFL,panthers,NFC,West,7,9
2001,NFL,panthers,NFC,West,1,15
2002,NFL,panthers,NFC,South[a],7,9
2003,NFL,panthers,NFC,South,11,5
2004,NFL,panthers,NFC,South,7,9
2005,NFL,panthers,NFC,South,11,5
2006,NFL,panthers,NFC,South,8,8
2007,NFL,panthers,NFC,South,7,9
2008,NFL,panthers,NFC,South,12,4
2009,NFL,panthers,NFC,South,8,8
2010,NFL,panthers,NFC,South,2,14
2011,NFL,panthers,NFC,South,6,10
2012,NFL,panthers,NFC,South,7,9
2013,NFL,panthers,NFC,South,12,4
2014,NFL,panthers,NFC,South,7,8
2015,NFL,panthers,NFC,South,15,1
2016,NFL,panthers,NFC,South,6,10
2017,NFL,panthers,NFC,South,11,5
2018,NFL,panthers,NFC,South,7,9
2019,NFL,panthers,NFC,South,5,11
2020,NFL,panthers,NFC,South,5,11
2022,NFL,panthers,NFC,South,7,10
2023,NFL,panthers,NFC,South,2,15
2024,NFL,panthers,NFC,South,5,12
2025,NFL,panthers,NFC,South,8,9
1967,NFL,saints,Eastern,Capitol,3,11
1968,NFL,saints,Eastern,Century,4,9
1969,NFL,saints,Eastern,Capitol,5,9
1970,NFL,saints,NFC,West,2,11
1971,NFL,saints,NFC,West,4,8
1972,NFL,saints,NFC,West,2,11
1973,NFL,saints,NFC,West,5,9
1974,NFL,saints,NFC,West,5,9
1975,NFL,saints,NFC,West,2,12
1976,NFL,saints,NFC,West,4,10
1977,NFL,saints,NFC,West,3,11
1978,NFL,saints,NFC,West,7,9
1979,NFL,saints,NFC,West,8,8
1980,NFL,saints,NFC,West,1,15
1981,NFL,saints,NFC,West,4,12
1982,NFL,saints,NFC,None,4,5
1983,NFL,saints,NFC,West,8,8
1984,NFL,saints,NFC,West,7,9
1985,NFL,saints,NFC,West,5,11
1986,NFL,saints,NFC,West,7,9
1987,NFL,saints,NFC,West,12,3
1988,NFL,saints,NFC,West,10,6
1989,NFL,saints,NFC,West,9,7
1990,NFL,saints,NFC,West,8,8
1991,NFL,saints,NFC,West,11,5
1992,NFL,saints,NFC,West,12,4
1993,NFL,saints,NFC,West,8,8
1994,NFL,saints,NFC,West,7,9
1995,NFL,saints,NFC,West,7,9
1996,NFL,saints,NFC,West,3,13
1997,NFL,saints,NFC,West,6,10
1998,NFL,saints,NFC,West,6,10
1999,NFL,saints,NFC,West,3,13
2000,NFL,saints,NFC,West,10,6
2001,NFL,saints,NFC,West,7,9
2002,NFL,saints,NFC,South,9,7
2003,NFL,saints,NFC,South,8,8
2004,NFL,saints,NFC,South,8,8
2005,NFL,saints,NFC,South,3,13
2006,NFL,saints,NFC,South,10,6
2007,NFL,saints,NFC,South,7,9
2008,NFL,saints,NFC,South,8,8
2009,NFL,saints,NFC,South,13,3
2010,NFL,saints,NFC,South,11,5
2011,NFL,saints,NFC,South,13,3
2012,NFL,saints,NFC,South,7,9
2013,NFL,saints,NFC,South,11,5
2014,NFL,saints,NFC,South,7,9
2015,NFL,saints,NFC,South,7,9
2016,NFL,saints,NFC,South,7,9
2017,NFL,saints,NFC,South,11,5
2018,NFL,saints,NFC,South,13,3
2019,NFL,saints,NFC,South,13,3
2020,NFL,saints,NFC,South,12,4
2021,NFL,saints,NFC,South,9,8
2022,NFL,saints,NFC,South,7,10
2023,NFL,saints,NFC,South,9,8
2024,NFL,saints,NFC,South,5,12
2025,NFL,saints,NFC,South,6,11
1976,NFL,buccaneers,AFC,West,0,14
1977,NFL,buccaneers,NFC,Central,2,12
1978,NFL,buccaneers,NFC,Central,5,11
1979,NFL,buccaneers,NFC,Central,10,6
1980,NFL,buccaneers,NFC,Central,5,10
1981,NFL,buccaneers,NFC,Central,9,7
1982,NFL,buccaneers,NFC,—,5,4
1983,NFL,buccaneers,NFC,Central,2,14
1984,NFL,buccaneers,NFC,Central,6,10
1985,NFL,buccaneers,NFC,Central,2,14
1986,NFL,buccaneers,NFC,Central,2,14
1987,NFL,buccaneers,NFC,Central,4,11
1988,NFL,buccaneers,NFC,Central,5,11
1989,NFL,buccaneers,NFC,Central,5,11
1990,NFL,buccaneers,NFC,Central,6,10
1991,NFL,buccaneers,NFC,Central,3,13
1992,NFL,buccaneers,NFC,Central,5,11
1993,NFL,buccaneers,NFC,Central,5,11
1994,NFL,buccaneers,NFC,Central,6,10
1995,NFL,buccaneers,NFC,Central,7,9
1996,NFL,buccaneers,NFC,Central,6,10
1997,NFL,buccaneers,NFC,Central,10,6
1998,NFL,buccaneers,NFC,Central,8,8
1999,NFL,buccaneers,NFC,Central,11,5
2000,NFL,buccaneers,NFC,Central,10,6
2001,NFL,buccaneers,NFC,Central,9,7
2002,NFL,buccaneers,NFC,South,12,4
2003,NFL,buccaneers,NFC,South,7,9
2004,NFL,buccaneers,NFC,South,5,11
2005,NFL,buccaneers,NFC,South,11,5
2006,NFL,buccaneers,NFC,South,4,12
2007,NFL,buccaneers,NFC,South,9,7
2008,NFL,buccaneers,NFC,South,9,7
2009,NFL,buccaneers,NFC,South,3,13
2010,NFL,buccaneers,NFC,South,10,6
2011,NFL,buccaneers,NFC,South,4,12
2012,NFL,buccaneers,NFC,South,7,9
2013,NFL,buccaneers,NFC,South,4,12
2014,NFL,buccaneers,NFC,South,2,14
2015,NFL,buccaneers,NFC,South,6,10
2016,NFL,buccaneers,NFC,South,9,7
2017,NFL,buccaneers,NFC,South,5,11
2018,NFL,buccaneers,NFC,South,5,11
2019,NFL,buccaneers,NFC,South,7,9
2020,NFL,buccaneers,NFC,South,11,5
2021,NFL,buccaneers,NFC,South,13,4
2022,NFL,buccaneers,NFC,South,8,9
2023,NFL,buccaneers,NFC,South,9,8
2024,NFL,buccaneers,NFC,South,10,7
2025,NFL,buccaneers,NFC,South,8,9
1920,APFA,cardinals,nan,nan,6,2
1921,APFA,cardinals,nan,nan,3,3
1922,NFL,cardinals,nan,nan,8,3
1923,NFL,cardinals,nan,nan,8,4
1924,NFL,cardinals,nan,nan,5,4
1925,NFL,cardinals,nan,nan,11,2
1926,NFL,cardinals,nan,nan,5,6
1927,NFL,cardinals,nan,nan,3,7
1928,NFL,cardinals,nan,nan,1,5
1929,NFL,cardinals,nan,nan,6,6
1930,NFL,cardinals,nan,nan,5,6
1931,NFL,cardinals,nan,nan,5,4
1932,NFL,cardinals,nan,nan,2,6
1933,NFL,cardinals,nan,Western,1,9
1934,NFL,cardinals,nan,Western,5,6
1935,NFL,cardinals,nan,Western,6,4
1936,NFL,cardinals,nan,Western,3,8
1937,NFL,cardinals,nan,Western,5,5
1938,NFL,cardinals,nan,Western,2,9
1939,NFL,cardinals,nan,Western,1,10
1940,NFL,cardinals,nan,Western,2,7
1941,NFL,cardinals,nan,Western,3,7
1942,NFL,cardinals,nan,Western,3,8
1943,NFL,cardinals,nan,Western,0,10
1944,NFL,cardinals,nan,Western,0,10
1945,NFL,cardinals,nan,Western,1,9
1946,NFL,cardinals,nan,Western,6,5
1947,NFL,cardinals,nan,Western,9,3
1948,NFL,cardinals,nan,Western,11,1
1949,NFL,cardinals,nan,Western,6,5
1950,NFL,cardinals,American,nan,5,7
1951,NFL,cardinals,American,nan,3,9
1952,NFL,cardinals,American,nan,4,8
1953,NFL,cardinals,Eastern,nan,1,10
1954,NFL,cardinals,Eastern,nan,2,10
1955,NFL,cardinals,Eastern,nan,4,7
1956,NFL,cardinals,Eastern,nan,7,5
1957,NFL,cardinals,Eastern,nan,3,9
1958,NFL,cardinals,Eastern,nan,2,9
1959,NFL,cardinals,Eastern,nan,2,10
1960,NFL,cardinals,Eastern,nan,6,5
1961,NFL,cardinals,Eastern,nan,7,7
1962,NFL,cardinals,Eastern,nan,4,9
1963,NFL,cardinals,Eastern,nan,9,5
1964,NFL,cardinals,Eastern,nan,9,3
1965,NFL,cardinals,Eastern,nan,5,9
1966,NFL,cardinals,Eastern,nan,8,5
1967,NFL,cardinals,Eastern,Century,6,7
1968,NFL,cardinals,Eastern,Century,9,4
1969,NFL,cardinals,Eastern,Century,4,9
1970,NFL,cardinals,NFC,East,8,5
1971,NFL,cardinals,NFC,East,4,9
1972,NFL,cardinals,NFC,East,4,9
1973,NFL,cardinals,NFC,East,4,9
1974,NFL,cardinals,NFC,East,10,4
1975,NFL,cardinals,NFC,East,11,3
1976,NFL,cardinals,NFC,East,10,4
1977,NFL,cardinals,NFC,East,7,7
1978,NFL,cardinals,NFC,East,6,10
1979,NFL,cardinals,NFC,East,5,11
1980,NFL,cardinals,NFC,East,5,11
1981,NFL,cardinals,NFC,East,7,9
1982,NFL,cardinals,NFC,nan,5,4
1983,NFL,cardinals,NFC,East,8,7
1984,NFL,cardinals,NFC,East,9,7
1985,NFL,cardinals,NFC,East,5,11
1986,NFL,cardinals,NFC,East,4,11
1987,NFL,cardinals,NFC,East,7,8
1988,NFL,cardinals,NFC,East,7,9
1989,NFL,cardinals,NFC,East,5,11
1990,NFL,cardinals,NFC,East,5,11
1991,NFL,cardinals,NFC,East,4,12
1992,NFL,cardinals,NFC,East,4,12
1993,NFL,cardinals,NFC,East,7,9
1994,NFL,cardinals,NFC,East,8,8
1995,NFL,cardinals,NFC,East,4,12
1996,NFL,cardinals,NFC,East,7,9
1997,NFL,cardinals,NFC,East,4,12
1998,NFL,cardinals,NFC,East,9,7
1999,NFL,cardinals,NFC,East,6,10
2000,NFL,cardinals,NFC,East,3,13
2001,NFL,cardinals,NFC,East,7,9
2002,NFL,cardinals,NFC,West,5,11
2003,NFL,cardinals,NFC,West,4,12
2004,NFL,cardinals,NFC,West,6,10
2005,NFL,cardinals,NFC,West,5,11
2006,NFL,cardinals,NFC,West,5,11
2007,NFL,cardinals,NFC,West,8,8
2008,NFL,cardinals,NFC,West,9,7
2009,NFL,cardinals,NFC,West,10,6
2010,NFL,cardinals,NFC,West,5,11
2011,NFL,cardinals,NFC,West,8,8
2012,NFL,cardinals,NFC,West,5,11
2013,NFL,cardinals,NFC,West,10,6
2014,NFL,cardinals,NFC,West,11,5
2015,NFL,cardinals,NFC,West,13,3
2016,NFL,cardinals,NFC,West,7,8
2017,NFL,cardinals,NFC,West,8,8
2018,NFL,cardinals,NFC,West,3,13
2019,NFL,cardinals,NFC,West,5,10
2020,NFL,cardinals,NFC,West,8,8
2021,NFL,cardinals,NFC,West,11,6
2022,NFL,cardinals,NFC,West,4,13
2023,NFL,cardinals,NFC,West,4,13
2024,NFL,cardinals,NFC,West,8,9
2025,NFL,cardinals,NFC,West,3,14
1936,AFL,rams,nan,nan,5,2
1937,NFL,rams,nan,West,1,10
1938,NFL,rams,nan,West,4,7
1939,NFL,rams,nan,West,5,5
1940,NFL,rams,nan,West,4,6
1941,NFL,rams,nan,West,2,9
1942,NFL,rams,nan,West,5,6
1943,Team suspended operations due to World War II,rams,Team suspended operations due to World War II,Team suspended operations due to World War II,Team suspended operations due to World War II,Team suspended operations due to World War II
1944,NFL,rams,nan,West,4,6
1945,NFL,rams,nan,West,9,1
1946,NFL,rams,nan,West,6,4
1947,NFL,rams,nan,West,6,6
1948,NFL,rams,nan,West,6,5
1949,NFL,rams,nan,West,8,2
1950,NFL,rams,National,nan,9,3
1951,NFL,rams,National,nan,8,4
1952,NFL,rams,National,nan,9,3
1953,NFL,rams,Western,nan,8,3
1954,NFL,rams,Western,nan,6,5
1955,NFL,rams,Western,nan,8,3
1956,NFL,rams,Western,nan,4,8
1957,NFL,rams,Western,nan,6,6
1958,NFL,rams,Western,nan,8,4
1959,NFL,rams,Western,nan,2,10
1960,NFL,rams,Western,nan,4,7
1961,NFL,rams,Western,nan,4,10
1962,NFL,rams,Western,nan,1,12
1963,NFL,rams,Western,nan,5,9
1964,NFL,rams,Western,nan,5,7
1965,NFL,rams,Western,nan,4,10
1966,NFL,rams,Western,nan,8,6
1967,NFL,rams,Western,Coastal,11,1
1968,NFL,rams,Western,Coastal,10,3
1969,NFL,rams,Western,Coastal,11,3
1970,NFL,rams,NFC,West,9,4
1971,NFL,rams,NFC,West,8,5
1972,NFL,rams,NFC,West,6,7
1973,NFL,rams,NFC,West,12,2
1974,NFL,rams,NFC,West,10,4
1975,NFL,rams,NFC,West,12,2
1976,NFL,rams,NFC,West,10,3
1977,NFL,rams,NFC,West,10,4
1978,NFL,rams,NFC,West,12,4
1979,NFL,rams,NFC,West,9,7
1980,NFL,rams,NFC,West,11,5
1981,NFL,rams,NFC,West,6,10
1982,NFL,rams,NFC,None[h],2,7
1983,NFL,rams,NFC,West,9,7
1984,NFL,rams,NFC,West,10,6
1985,NFL,rams,NFC,West,11,5
1986,NFL,rams,NFC,West,10,6
1987,NFL,rams,NFC,West,6,9
1988,NFL,rams,NFC,West,10,6
1989,NFL,rams,NFC,West,11,5
1990,NFL,rams,NFC,West,5,11
1991,NFL,rams,NFC,West,3,13
1992,NFL,rams,NFC,West,6,10
1993,NFL,rams,NFC,West,5,11
1994,NFL,rams,NFC,West,4,12
1995,NFL,rams,NFC,West,7,9
1996,NFL,rams,NFC,West,6,10
1997,NFL,rams,NFC,West,5,11
1998,NFL,rams,NFC,West,4,12
1999,NFL,rams,NFC,West,13,3
2000,NFL,rams,NFC,West,10,6
2001,NFL,rams,NFC,West,14,2
2002,NFL,rams,NFC,West,7,9
2003,NFL,rams,NFC,West,12,4
2004,NFL,rams,NFC,West,8,8
2005,NFL,rams,NFC,West,6,10
2006,NFL,rams,NFC,West,8,8
2007,NFL,rams,NFC,West,3,13
2008,NFL,rams,NFC,West,2,14
2009,NFL,rams,NFC,West,1,15
2010,NFL,rams,NFC,West,7,9
2011,NFL,rams,NFC,West,2,14
2012,NFL,rams,NFC,West,7,8
2013,NFL,rams,NFC,West,7,9
2014,NFL,rams,NFC,West,6,10
2015,NFL,rams,NFC,West,7,9
2016,NFL,rams,NFC,West,4,12
2017,NFL,rams,NFC,West,11,5
2018,NFL,rams,NFC,West,13,3
2019,NFL,rams,NFC,West,9,7
2020,NFL,rams,NFC,West,10,6
2021,NFL,rams,NFC,West,12,5
2022,NFL,rams,NFC,West,5,12
2023,NFL,rams,NFC,West,10,7
2024,NFL,rams,NFC,West,10,7
2025,NFL,rams,NFC,West,12,5
1946,AAFC,49ers,nan,Western,9,5
1947,AAFC,49ers,nan,Western,8,4
1948,AAFC,49ers,nan,Western,12,2
1949,AAFC,49ers,nan,nan,9,3
1950,NFL,49ers,National,nan,3,9
1951,NFL,49ers,National,nan,7,4
1952,NFL,49ers,National,nan,7,5
1953,NFL,49ers,Western,nan,9,3
1954,NFL,49ers,Western,nan,7,4
1955,NFL,49ers,Western,nan,4,8
1956,NFL,49ers,Western,nan,5,6
1957,NFL,49ers,Western,nan,8,4
1958,NFL,49ers,Western,nan,6,6
1959,NFL,49ers,Western,nan,7,5
1960,NFL,49ers,Western,nan,7,5
1961,NFL,49ers,Western,nan,7,6
1962,NFL,49ers,Western,nan,6,8
1963,NFL,49ers,Western,nan,2,12
1964,NFL,49ers,Western,nan,4,10
1965,NFL,49ers,Western,nan,7,6
1966,NFL,49ers,Western,nan,6,6
1967,NFL,49ers,Western,Coastal,7,7
1968,NFL,49ers,Western,Coastal,7,6
1969,NFL,49ers,Western,Coastal,4,8
1970,NFL,49ers,NFC,West,10,3
1971,NFL,49ers,NFC,West,9,5
1972,NFL,49ers,NFC,West,8,5
1973,NFL,49ers,NFC,West,5,9
1974,NFL,49ers,NFC,West,6,8
1975,NFL,49ers,NFC,West,5,9
1976,NFL,49ers,NFC,West,8,6
1977,NFL,49ers,NFC,West,5,9
1978,NFL,49ers,NFC,West,2,14
1979,NFL,49ers,NFC,West,2,14
1980,NFL,49ers,NFC,West,6,10
1981,NFL,49ers,NFC,West,13,3
1982,NFL,49ers,NFC,West,3,6
1983,NFL,49ers,NFC,West,10,6
1984,NFL,49ers,NFC,West,15,1
1985,NFL,49ers,NFC,West,10,6
1986,NFL,49ers,NFC,West,10,5
1987,NFL,49ers,NFC,West,13,2
1988,NFL,49ers,NFC,West,10,6
1989,NFL,49ers,NFC,West,14,2
1990,NFL,49ers,NFC,West,14,2
1991,NFL,49ers,NFC,West,10,6
1992,NFL,49ers,NFC,West,14,2
1993,NFL,49ers,NFC,West,10,6
1994,NFL,49ers,NFC,West,13,3
1995,NFL,49ers,NFC,West,11,5
1996,NFL,49ers,NFC,West,12,4
1997,NFL,49ers,NFC,West,13,3
1998,NFL,49ers,NFC,West,12,4
1999,NFL,49ers,NFC,West,4,12
2000,NFL,49ers,NFC,West,6,10
2001,NFL,49ers,NFC,West,12,4
2002,NFL,49ers,NFC,West,10,6
2003,NFL,49ers,NFC,West,7,9
2004,NFL,49ers,NFC,West,2,14
2005,NFL,49ers,NFC,West,4,12
2006,NFL,49ers,NFC,West,7,9
2007,NFL,49ers,NFC,West,5,11
2008,NFL,49ers,NFC,West,7,9
2009,NFL,49ers,NFC,West,8,8
2010,NFL,49ers,NFC,West,6,10
2011,NFL,49ers,NFC,West,13,3
2012,NFL,49ers,NFC,West,11,4
2013,NFL,49ers,NFC,West,12,4
2014,NFL,49ers,NFC,West,8,8
2015,NFL,49ers,NFC,West,5,11
2016,NFL,49ers,NFC,West,2,14
2017,NFL,49ers,NFC,West,6,10
2018,NFL,49ers,NFC,West,4,12
2019,NFL,49ers,NFC,West,13,3
2020,NFL,49ers,NFC,West,6,10
2021,NFL,49ers,NFC,West,10,7
2022,NFL,49ers,NFC,West,13,4
2023,NFL,49ers,NFC,West,12,5
2024,NFL,49ers,NFC,West,6,11
2025,NFL,49ers,NFC,West,12,5
1976,NFL,seahawks,NFC,West,2,12
1977,NFL,seahawks,AFC,West,5,9
1979,NFL,seahawks,AFC,West,9,7
1980,NFL,seahawks,AFC,West,4,12
1981,NFL,seahawks,AFC,West,6,10
1982,NFL,seahawks,AFC,None,4,5
1983,NFL,seahawks,AFC,West,9,7
1984,NFL,seahawks,AFC,West,12,4
1985,NFL,seahawks,AFC,West,8,8
1986,NFL,seahawks,AFC,West,10,6
1988,NFL,seahawks,AFC,West,9,7
1989,NFL,seahawks,AFC,West,7,9
1990,NFL,seahawks,AFC,West,9,7
1991,NFL,seahawks,AFC,West,7,9
1992,NFL,seahawks,AFC,West,2,14
1993,NFL,seahawks,AFC,West,6,10
1994,NFL,seahawks,AFC,West,6,10
1995,NFL,seahawks,AFC,West,8,8
1996,NFL,seahawks,AFC,West,7,9
1997,NFL,seahawks,AFC,West,8,8
1998,NFL,seahawks,AFC,West,8,8
1999,NFL,seahawks,AFC,West,9,7
2000,NFL,seahawks,AFC,West,6,10
2001,NFL,seahawks,AFC,West,9,7
2002,NFL,seahawks,NFC,West,7,9
2003,NFL,seahawks,NFC,West,10,6
2004,NFL,seahawks,NFC,West,9,7
2005,NFL,seahawks,NFC,West,13,3
2006,NFL,seahawks,NFC,West,9,7
2007,NFL,seahawks,NFC,West,10,6
2008,NFL,seahawks,NFC,West,4,12
2009,NFL,seahawks,NFC,West,5,11
2010,NFL,seahawks,NFC,West,7,9
2011,NFL,seahawks,NFC,West,7,9
2012,NFL,seahawks,NFC,West,11,5
2013,NFL,seahawks,NFC,West,13,3
2014,NFL,seahawks,NFC,West,12,4
2015,NFL,seahawks,NFC,West,10,6
2016,NFL,seahawks,NFC,West,10,5
2017,NFL,seahawks,NFC,West,9,7
2018,NFL,seahawks,NFC,West,10,6
2019,NFL,seahawks,NFC,West,11,5
2020,NFL,seahawks,NFC,West,12,4
2022,NFL,seahawks,NFC,West,9,8
2023,NFL,seahawks,NFC,West,9,8
2024,NFL,seahawks,NFC,West,10,7
2025,NFL,seahawks,NFC,West,14,3
